"","baseMean","log2FoldChange","lfcSE","stat","pvalue","padj"
"AT1G21890",1.52850852373787,-3.9734737097454,1.29897596274069,-3.05892781985113,0.00222130662390467,0.00855949841414481
"AT5G38770",1.84395978406617,-3.58068871722876,1.18817641043473,-3.01360024133003,0.00258167737520754,0.00974426065527623
"AT2G43100",244.869297030395,-2.72714352704024,0.367438319414724,-7.42204441655457,1.15326121432835e-13,5.32933638431557e-12
"AT2G43100.1",244.869297030395,-2.72714352704024,0.367438319414724,-7.42204441655457,1.15326121432835e-13,5.32933638431557e-12
"AT4G08300",175.281919926794,-2.49958746026535,0.236325467773432,-10.5768856984205,3.81426149491076e-26,9.44709272325714e-24
"AT4G31730",14.3888998216911,-2.34577177977165,0.505380260368298,-4.64159755282519,3.45725729816601e-06,3.13144095253809e-05
"AT5G57685",105.163369187365,-2.2710809572437,0.281430125889828,-8.06978623934794,7.04213510816893e-16,4.81726753367695e-14
"AT4G08290",308.295651970549,-2.0962502607152,0.279213873421205,-7.50768661682122,6.01813597140579e-14,2.91413020026634e-12
"AT1G01070",93.3621322018656,-2.08708728049592,0.326308257921339,-6.39606025845365,1.59437104675418e-10,4.05504326150393e-09
"AT3G58990",298.385515694713,-2.08375550864194,0.398591153494337,-5.2278016969876,1.7153734643181e-07,2.17941435195321e-06
"AT3G58990.1",298.385515694713,-2.08375550864194,0.398591153494337,-5.2278016969876,1.7153734643181e-07,2.17941435195321e-06
"AT1G64780",113.930423968135,-2.02073098686789,1.0223942464239,-1.97646944310958,0.0481016332693581,0.10705370725967
"AT1G44800",427.916013397107,-2.00848594742609,0.307897891689741,-6.52322085222322,6.8813421262486e-11,1.8604662501431e-09
"AT2G24762",74.0313748280835,-1.99761739762414,0.371798666912562,-5.37284712237533,7.75030357968989e-08,1.06575329633157e-06
"AT4G28420",78.0838796895815,-1.99595090491152,0.536226576092851,-3.72221555942784,0.000197482317101464,0.00107295737995521
"AT4G25760",14.0986056401342,-1.96031432223279,0.392380885391471,-4.99594754794698,5.85475735358255e-07,6.50635953867957e-06
"AT5G04230",94.7371462870067,-1.90581695383178,0.276637156396887,-6.8892298440833,5.60952437683431e-12,1.88571031625625e-10
"AT5G23020",100.114203266871,-1.83283623441386,0.249073700754175,-7.35861003736717,1.85835035846043e-13,8.23945134240852e-12
"AT3G45680",11.597886328913,-1.80712523677802,0.455558778597222,-3.96683221063725,7.28342294962735e-05,0.000450209976243747
"AT3G19710",434.754710894761,-1.73338770792921,0.318643876852828,-5.43989021552675,5.33134141644034e-08,7.6484517204698e-07
"AT3G22740",146.30402378625,-1.66959354830222,0.194317495560204,-8.5920907095313,8.54009241759002e-18,7.66757964225957e-16
"AT2G13810",735.880173277581,-1.64237123803177,0.237662220198646,-6.91052720394105,4.82855828441714e-12,1.65942223146125e-10
"AT5G49630",633.831697422606,-1.62052122757551,0.235672597551332,-6.87615465019238,6.14897465294608e-12,2.04157327922469e-10
"AT1G77990",72.2650510727924,-1.48240713646868,0.228469646698948,-6.48842048774222,8.6740913102071e-11,2.30183891074313e-09
"AT1G11120",11.5057336493565,-1.46530204742805,0.440043709488471,-3.32990113443818,0.000868768253674612,0.00383743307755109
"AT1G58360",953.56110544432,-1.44877059147472,0.26059859977593,-5.5593951491697,2.70711167666647e-08,4.13708102190136e-07
"AT1G33440",14.8457588276915,-1.40633666639261,0.447282804056072,-3.14417780795416,0.0016655420564975,0.00667455834729553
"AT5G24920",13.252453823414,-1.39864711574669,0.514144269499193,-2.72033979316556,0.00652148642979705,0.0209989524191971
"AT4G28170",5.34954264871562,-1.37329014880618,0.602288422508022,-2.28012044974663,0.0226005456835017,0.0586036773030197
"AT5G63850",526.918580868273,-1.37160592066228,0.194005266765701,-7.06994167492761,1.54998830415757e-12,5.96413356749773e-11
"AT5G23010",905.793783533269,-1.37017468488184,0.303885793205836,-4.50884745360162,6.51807528116654e-06,5.45866638781875e-05
"AT5G28020",593.071192555512,-1.3446898345154,0.295501963734889,-4.5505275752475,5.35115733648634e-06,4.61226953146431e-05
"AT5G14940",90.315250196728,-1.34449984518918,0.210697610297845,-6.38118222265821,1.75726055408021e-10,4.41837227763365e-09
"AT1G11860",3822.71591564347,-1.34023211678524,0.248633251016138,-5.39039774972916,7.03019075104308e-08,9.76702451988887e-07
"AT2G37460",342.256769626664,-1.33352285117242,0.24480986980033,-5.44717764957785,5.11753448647441e-08,7.37609586050505e-07
"AT1G69870",899.620561149729,-1.31720019314651,0.247464419025324,-5.32278619421128,1.02189829235605e-07,1.36939455246817e-06
"AT4G28700",5.77400890027663,-1.28324571662115,0.617108855002622,-2.0794479065054,0.037576201158041,0.0879335341608892
"AT1G68570",553.506879901877,-1.27070554718576,0.381821626595376,-3.3280083124583,0.000874692565203097,0.00385831635516814
"AT1G43650",30.1805895465608,-1.23824043169085,0.261757223781203,-4.73049191844221,2.23976443527371e-06,2.14444310506833e-05
"AT2G35370",1170.48083685422,-1.23390185643609,0.258393092381451,-4.77528963744336,1.79448789334852e-06,1.76645158181242e-05
"AT4G01450",130.993476701084,-1.21724241573,0.181600150308287,-6.70287119070987,2.04363601818998e-11,6.08235758562952e-10
"AT5G64700",8.99085710689215,-1.19067362564993,0.461796425291509,-2.57835175943234,0.0099272884239631,0.0297804832186492
"AT3G04520",246.783852578917,-1.18050594107174,0.148735388137069,-7.93695404878245,2.07206771496846e-15,1.29417145281567e-13
"AT1G09812",9.70329290972105,-1.16564422410223,0.45967985760499,-2.5357739844757,0.0112199121773258,0.0329292655403183
"AT2G44040",75.9853078241804,-1.16532275990729,0.226849868939064,-5.13697788478917,2.79191796148153e-07,3.38740136452725e-06
"AT5G10180",823.502265675101,-1.1429252016072,0.175341223241786,-6.51829148032786,7.11127048857214e-11,1.9154207060969e-09
"AT1G77690",75.5391345378492,-1.13453257350953,0.229591186070299,-4.94153365783888,7.7510432168259e-07,8.36351924066922e-06
"AT3G51895",487.735888682615,-1.12101582870397,0.280901517291408,-3.99077883064982,6.58566732177915e-05,0.000412163692854188
"AT3G30775",978.642162243122,-1.10010615032865,0.862621636327735,-1.27530553837243,0.202201118205602,0.327916737795914
"AT3G16240",2942.9754733524,-1.09818890459292,0.245916819850756,-4.465692526682,7.98101634114357e-06,6.52408725792722e-05
"AT3G09330",2.29649541366112,-1.09360739693616,0.971245214583246,-1.12598484967097,0.260171932159346,0.395107815502825
"AT1G08630",58.5995105886914,-1.0828989458701,0.622821369411669,-1.73869908621317,0.0820877068618317,0.163190876230164
"AT5G01180",14.8843165549056,-1.06959673688917,0.464666416264513,-2.3018593542605,0.0213431050305135,0.0559762934758405
"AT4G08870",1206.30632802361,-1.04587504750531,0.180339973152029,-5.79946325390448,6.65275140207714e-09,1.17792512088708e-07
"AT1G59740",87.9016247950481,-1.04126887534766,0.311902552034565,-3.3384429481432,0.000842493292362954,0.00373540030120101
"AT3G15990",58.2690649384457,-1.03983507789113,0.386300139715551,-2.6917802273041,0.00710717625207531,0.0225711766956107
"AT4G37930",8192.33672242286,-1.03256481073055,0.225446454854883,-4.58008892353266,4.64778278107195e-06,4.08277306834645e-05
"AT1G75500",1142.78396823586,-1.02777879855821,0.180922372035385,-5.68077229474524,1.34087894269406e-08,2.20390995096656e-07
"AT3G28960",8.97261620549603,-1.02709908418669,0.433334686119897,-2.37022125642282,0.0177774431506476,0.0482636191268936
"AT1G52190",407.031131443944,-0.983472084551032,0.341882320560867,-2.87663919835814,0.00401934876083435,0.0140758860878366
"AT1G18880",33.7810863200737,-0.976944403451648,0.251256590348254,-3.88823394481933,0.000100976275768757,0.000598085978632537
"AT5G14200",519.061157743682,-0.967411730465432,0.430911593240474,-2.24503528250529,0.024765867634287,0.0630872343992925
"AT5G62680",999.296917488228,-0.937496100328505,0.211494397374314,-4.43272309795174,9.3050338074474e-06,7.46759286714624e-05
"AT2G36230",81.4156586823852,-0.926076150352795,0.239182960625094,-3.87183162183684,0.00010802056492538,0.000634576644768836
"AT1G68010",3330.45342744107,-0.916103315170204,0.304864773220727,-3.00494972079615,0.00265624754692817,0.00996983489656999
"AT2G38120",313.325650890109,-0.911399983180576,0.259136294038663,-3.51706806088922,0.000436341882258471,0.00212817901288038
"AT1G50110",13.996239824787,-0.903122218194045,0.45803054736589,-1.97175106199325,0.048638031432027,0.108046628999724
"AT4G28040",106.758852087459,-0.883224013491617,0.558055269838178,-1.58268196938223,0.113493969969374,0.210879370949389
"AT1G70560",34.5496468610943,-0.882624318923218,0.359126554789908,-2.45769717429991,0.0139831027489291,0.0395884769457265
"AT1G11790",306.126587413724,-0.881708419511239,0.210835391330924,-4.18197539770409,2.88987246780585e-05,0.000201524181023562
"AT2G35120",187.840748466694,-0.875015349393347,0.153275458404278,-5.70877659413299,1.13791136621027e-08,1.91031606388556e-07
"AT3G06140",37.5541513407632,-0.856945495286687,0.313371902140453,-2.73459582506732,0.00624569131963303,0.0202470522875662
"AT2G26690",1042.90268400743,-0.850451248816128,0.331575744087512,-2.56487775110495,0.0103212162392779,0.0307148076583441
"AT2G39800",1857.92377554096,-0.844205588801282,0.381605376027224,-2.21224763023531,0.026949559444905,0.0676344172977886
"AT1G78000",89.8194812004334,-0.832366563095507,0.246275913054551,-3.37981312411634,0.000725351305587407,0.00327945235686056
"AT3G17390",2006.37379300428,-0.828308632291338,0.185428454214658,-4.46699852942991,7.93246749156443e-06,6.49672404060168e-05
"AT3G01120",2776.23391096313,-0.825949213292213,0.161346644411532,-5.11909755734084,3.07001132561955e-07,3.68332984657295e-06
"AT3G05190",21.2154251145348,-0.822714065046915,0.289384138557459,-2.84298258069027,0.0044693513047574,0.0153697089450046
"AT1G58007",1.13519870642271,-0.816247374514615,1.41800616309855,-0.575630343334331,0.56486506682293,0.6901628747959
"AT3G02020",668.415162166857,-0.808645145824005,0.388216192893799,-2.08297634314604,0.0372533799627205,0.087329833707213
"AT3G16150",8.67049588728962,-0.808359553713552,0.550847757791756,-1.4674826978585,0.142244792605759,0.251401803729404
"AT3G53960",351.02154633868,-0.80269351168101,0.207251459426113,-3.8730415404731,0.000107485498640573,0.000631777829980105
"AT4G33010",9128.82163885717,-0.79366743151809,0.381620889631531,-2.07972742866462,0.0375505407875975,0.0878925758082937
"AT1G72810",65.5537639196118,-0.791320581957256,0.386682900367786,-2.04643282959915,0.0407138048374525,0.0938591063054912
"AT5G28237",159.153160737881,-0.783361151719737,0.740416309426286,-1.05800094047999,0.290055013635027,0.428647241876932
"AT1G44100",272.20245202416,-0.778256924360859,0.198150672653354,-3.92760172821793,8.57971346293683e-05,0.000519897822551639
"AT1G58080",801.32281037171,-0.777483300925858,0.207988807648582,-3.73810163015836,0.000185414998990788,0.00101711942512282
"AT5G65660",390.321570895396,-0.765944366159018,0.40773492105143,-1.87853511341111,0.0603079982057013,0.128152922480966
"AT1G31860",159.117224053685,-0.762382363726147,0.194681945683466,-3.91604039629697,9.00151716888107e-05,0.000541498302498742
"AT1G31860.1",159.117224053685,-0.762382363726147,0.194681945683466,-3.91604039629697,9.00151716888107e-05,0.000541498302498742
"AT4G13890",293.332701980665,-0.756605735855556,0.285535200285125,-2.64978095555307,0.00805439722201433,0.0250658797429181
"AT5G35630",5389.13714865025,-0.755579230040537,0.178609694208385,-4.23033717956539,2.33341287946569e-05,0.000167112749343496
"AT4G24670",23.4447316510986,-0.747643879397932,0.345406967286375,-2.16453039517892,0.0304236664524616,0.0743781670884551
"AT1G32450",260.166460219403,-0.746925698898837,0.296043520465104,-2.52302667433953,0.0116349575055324,0.0339301751697405
"AT5G13400",130.034561229502,-0.744733559342528,0.193915398614831,-3.84050758558774,0.000122780178111666,0.000707965554709707
"AT1G47670",36.4316771700252,-0.738015386502894,0.28721008788563,-2.56960120006919,0.0101815648687164,0.0303748401059423
"AT3G19480",189.178137481034,-0.735470060047246,0.288113463613083,-2.55270979295481,0.0106888515636145,0.0316682762948941
"AT2G22330",452.576890798673,-0.729385059666302,0.279672567884476,-2.60799643377104,0.00910739032151199,0.0277340371181374
"AT3G30340",8.36437358304528,-0.719731245365306,0.49163651031448,-1.46394995136737,0.143207623663004,0.252751075001263
"AT5G16290",201.211906886422,-0.718205133408099,0.192802758568186,-3.72507706187253,0.000195255564682769,0.00106327189986967
"AT1G22150",3.13949213831095,-0.708770378732275,0.862478246850539,-0.821783484186934,0.411200135123106,0.554268767148298
"AT5G46050",954.021094887943,-0.703282525016188,0.244893738882132,-2.87178646635257,0.00408158660206089,0.0142544616047339
"AT4G23600",302.110697503869,-0.693958000302898,0.215007974863651,-3.2275919102209,0.00124836929489945,0.00522835015869649
"AT5G01240",302.057152088235,-0.681855105757715,0.237951808280532,-2.865517646976,0.0041632806782264,0.0144826205043613
"AT4G01430",98.7678711161167,-0.679931542595292,0.43180631044617,-1.57462159803256,0.115343814481716,0.213708384733622
"AT2G37040",1551.18790678498,-0.678744543757951,0.316334504859293,-2.145654468076,0.0319005563672718,0.0772544418948405
"AT5G16570",174.698000855613,-0.675772323139927,0.210473853803436,-3.21071862812489,0.00132403508163092,0.00550353162403223
"AT3G01350",20.6346435607415,-0.667889142721461,0.320479556733578,-2.08403041220097,0.0371574010139679,0.0871745254781666
"AT5G04770",20.3920840381755,-0.667739196158303,0.372688188214275,-1.79168328182805,0.0731837140381258,0.149531829138397
"AT1G09380",3.34025592058461,-0.664362743829315,0.67541032010475,-0.98364316335332,0.325290994520167,0.467603092056075
"AT3G45870",13.9069894234001,-0.659646754560872,0.439249376026872,-1.50175911580696,0.133159330530255,0.238711917992175
"AT1G70580",832.848935516903,-0.651033690188993,0.275661036548038,-2.36171821140033,0.0181904630291983,0.049217490878097
"AT1G62180",535.452592002955,-0.648632119741513,0.327232575247967,-1.98217466354014,0.047459695344517,0.105964848341376
"AT3G21670",620.172015447789,-0.647019715220507,0.455044285516881,-1.42188295911806,0.155060230977668,0.268523495708976
"AT1G55920",739.111375503541,-0.63882668371265,0.200629508288978,-3.18411129629303,0.00145199173546631,0.00593916437278435
"AT4G04610",1069.84638749118,-0.63255093430016,0.306731265010693,-2.06223168765698,0.0391856832106399,0.0910473476194597
"AT5G19600",36.0028590432322,-0.606533781972926,0.258625349998189,-2.34522169608344,0.0190157689615076,0.0511231178518486
"AT4G35640",18.55930499309,-0.604887020631319,0.65263622834911,-0.926836412623651,0.354011476160134,0.497083232653366
"AT2G39510",2.6943084882462,-0.603981155297073,0.832092144985353,-0.725858498889813,0.467925520479488,0.606706728160058
"AT3G28050",681.866610212151,-0.601539299715659,0.275326364618274,-2.18482273046994,0.0289018467441159,0.0713608198787514
"AT3G14390",234.68324788983,-0.60074439260617,0.230211307979691,-2.60953468306243,0.00906654547833509,0.0276330865582977
"AT1G64660",565.929793152229,-0.597526765642738,0.704437631444542,-0.848232318902995,0.396308601685483,0.53996820481196
"AT3G28070",231.973709656811,-0.596903871858236,0.293279628508989,-2.03527219020581,0.0418234927755631,0.0958023410574926
"AT5G11880",399.736638695902,-0.595681400919328,0.207232316894568,-2.87446190751411,0.00404716586926905,0.014157196453086
"AT2G13360",16232.9039925487,-0.591672541531474,0.270904475874668,-2.1840633663255,0.0289575921194449,0.0714587946621392
"AT4G14680",174.197293159608,-0.580719584180595,0.229368562490016,-2.53181856256291,0.0113472690231123,0.0332125717074196
"AT5G28030",111.921313415357,-0.578305678336354,0.337800243675908,-1.71197531429608,0.0869012178000703,0.170915246545812
"AT2G17640",156.623625597554,-0.57442334194366,0.205316746913851,-2.79774227177232,0.0051461157193528,0.0172750430784568
"AT4G24830",363.649969925626,-0.570654492637266,0.232480912190926,-2.45462944574398,0.0141029878988783,0.0398532953315375
"AT1G19920",648.342478945816,-0.56891186281832,0.240604493571689,-2.36451054746744,0.0180539132574877,0.0489032964013004
"AT4G26900",337.318382222225,-0.566704458304415,0.152130936632621,-3.72510990103835,0.000195230147508775,0.00106327189986967
"AT3G13450",671.796147329848,-0.550741918139162,0.759032993010338,-0.72558363498128,0.468094056451284,0.60688873215477
"AT2G40900",62.3283913792848,-0.533695501438759,0.293389753259344,-1.81906660171255,0.0689012696780899,0.142675817703583
"AT5G10240",98.4658901077455,-0.526570951171927,0.222597280210445,-2.36557675221415,0.0180020114410441,0.048787239659366
"AT4G13930",1345.81543572407,-0.524100143535527,0.26450249839207,-1.98145630654368,0.0475401246862843,0.106077933803464
"AT3G04940",315.634460740609,-0.523101685097149,0.183099366926153,-2.85692787407684,0.00427763028427855,0.0148071288940778
"AT4G14910",382.426493502939,-0.518325358141034,0.134400324534064,-3.85657817373547,0.000114985336579192,0.000670011907141276
"AT3G54830",60.4072401231894,-0.51393715912745,0.45436830638303,-1.13110257011237,0.258011922687076,0.392925036529191
"AT1G25530",50.7658419792039,-0.507313398502626,0.265087770767806,-1.91375632694497,0.0556512981821542,0.12025412888378
"AT3G03910",23.677394784606,-0.506654681151158,0.347846708088336,-1.45654585589033,0.145241782842135,0.25554584279271
"AT2G36880",3012.01025763642,-0.506188274211678,0.210447214958763,-2.40529804260354,0.0161592808583152,0.0446524985810433
"AT3G58610",2040.47884539522,-0.49779016675069,0.155698497870868,-3.19714174226358,0.00138796705153202,0.00572400268448077
"AT5G64410",896.396526530363,-0.497055623049995,0.282330577931782,-1.76054477234165,0.0783154832126612,0.15753753101815
"AT5G14060",1395.43357518587,-0.495459640075574,0.268042423091821,-1.84843740166403,0.0645390922480181,0.13533362784744
"AT1G18640",275.36840121385,-0.486010446311369,0.147656756928864,-3.29148801869943,0.00099658861802,0.00431128117669042
"AT1G22410",2098.55732277299,-0.474263517577476,0.24639687670191,-1.92479516755904,0.054254988808228,0.117827705990697
"AT3G10050",195.522766434805,-0.471766121447423,0.270147993646369,-1.74632472771565,0.0807545414028794,0.161329395341113
"AT3G10050.1",195.522766434805,-0.471766121447423,0.270147993646369,-1.74632472771565,0.0807545414028794,0.161329395341113
"AT2G27820",290.692346468875,-0.471025909999297,0.218161325181643,-2.15907154765913,0.0308446166191626,0.0751940037232396
"AT1G07780",45.5613182543078,-0.470310908551325,0.261012434887175,-1.80187165701367,0.0715656004308868,0.146838274431989
"AT3G03780",1465.57153645532,-0.470276409572351,0.506335111472916,-0.928784907300482,0.353000567662823,0.496213466762248
"AT4G33680",619.093145035299,-0.459844670648251,0.156561822747436,-2.93714433428683,0.00331249893906647,0.0119560681974882
"AT3G13620",105.610485116898,-0.45870980315378,0.249724943850682,-1.8368601713574,0.0662305403274268,0.138274942638833
"AT2G22250",161.285712013165,-0.450777136422478,0.191670771562109,-2.35183034298168,0.0186812933926854,0.0503662043038047
"AT1G62800",61.6593523266371,-0.449917214839395,0.33954494324904,-1.32505938841033,0.185151454519276,0.306659764948606
"AT3G53260",916.029828950477,-0.449436573589753,0.331064928073131,-1.35754812871774,0.174607111819312,0.293593266356956
"AT5G65780",355.435878355261,-0.432774831860988,0.14120968834914,-3.06476727567698,0.00217839433521772,0.00841671886951255
"AT3G19553",784.81689012129,-0.431676302741769,0.107134832102245,-4.02928062023559,5.59477998086374e-05,0.00035741571013238
"AT5G04590",2125.86738458306,-0.430171360746392,0.162569387970132,-2.64607849065302,0.00814309193108108,0.0252907675022968
"AT2G33260",1.78092489176653,-0.426065351383634,0.995070191466597,-0.428176177959538,0.668522858579587,0.774896748610702
"AT3G47960",425.227425352016,-0.425088096361217,0.148002251679936,-2.87217316990891,0.00407659511911161,0.0142413146816438
"AT2G20610",1710.17365541797,-0.412875968785941,0.137198305267566,-3.00933723620524,0.00261818322054206,0.00986132005527712
"AT5G17990",1754.60490125933,-0.40134584013608,0.182321617580505,-2.20130692927219,0.0277143026623832,0.0691109586586082
"AT5G48220",374.693550061915,-0.396233932129165,0.132920925390173,-2.9809748236861,0.00287332413883637,0.010641868089317
"AT4G16620",3.85328672937509,-0.378647203267088,0.6313821962681,-0.599711562196641,0.548698481277254,0.677206877516597
"AT2G21050",52.7429647664667,-0.376410799128687,0.290886714218633,-1.29401165721778,0.195661394263053,0.320032770880543
"AT4G39980",846.974776207119,-0.370060985932091,0.362411498845527,-1.0211071864743,0.307203658666118,0.447634868605458
"AT4G02610",115.015350900324,-0.36832011727145,0.14934418970255,-2.46625006305928,0.0136535977925226,0.0388034456915428
"AT3G22425",322.028047335783,-0.361926857872955,0.212873859479488,-1.70019399637854,0.0890944411729686,0.174147951596075
"AT1G31180",428.262288095357,-0.355872161285676,0.213705251413234,-1.66524761994519,0.0958633639901936,0.184665096304371
"AT1G80560",336.429479592306,-0.354028364024953,0.143134325719578,-2.47339946057768,0.0133834455392689,0.0381362714202813
"AT3G28080",125.177879944581,-0.353893498130101,0.448525301039145,-0.789015686094406,0.430102838556407,0.571349236496731
"AT3G10340",76.2160692526692,-0.350110705847287,0.322410999765209,-1.08591427123222,0.277516922370261,0.414956258638151
"AT1G80600",861.607285114961,-0.346454612157366,0.177303464466006,-1.95402054438587,0.0506987876088679,0.111714641108077
"AT2G31810",1477.85318758583,-0.345441728338097,0.233215976128793,-1.48120953835225,0.138550745253704,0.246327678112774
"AT3G45300",1010.01443283754,-0.341241021642253,0.480454507299128,-0.71024626985089,0.477551432531919,0.615447264844365
"AT1G23310",22246.9784958946,-0.338037377782353,0.222647004366404,-1.51826600472043,0.128947354016036,0.232963660965669
"AT3G23810",1559.02548568886,-0.33282030216576,0.440306103317893,-0.755883917251698,0.449718797322557,0.589341400274065
"AT5G05630",20.1799037893814,-0.330697797101618,0.331843687207824,-0.996546897981254,0.318984492289807,0.460441977482634
"AT2G37900",18.9960360406991,-0.329637007063952,0.375591123617656,-0.87764855539961,0.380134470498693,0.523428817835379
"AT1G10070",971.365469990703,-0.327128820142357,0.664645837004228,-0.492185163781107,0.62258845163656,0.737887682518266
"AT3G59890",23.1788638293163,-0.321839676168222,0.361615979840555,-0.890004021144554,0.373463726905325,0.516686766443399
"AT5G52100",52.5881298430894,-0.314997810200566,0.279522337141364,-1.12691462665204,0.259778578579035,0.394786530027569
"AT3G11900",473.724094988965,-0.314693065188331,0.186157011359504,-1.69047119359152,0.0909378447905322,0.176948589447931
"AT5G22630",534.743584694045,-0.310442173834757,0.17845111110544,-1.73964830990225,0.081920790872407,0.162964291148322
"AT1G48850",1207.8720630268,-0.306862045085227,0.10896780014693,-2.8160800224604,0.00486135563291558,0.0164627520317562
"AT3G56620",28.2444812319731,-0.30532479904696,0.445014960142608,-0.686100078408862,0.492650001493509,0.627957541093293
"AT2G43750",1093.88176762717,-0.296145040899323,0.164263661173943,-1.80286399793395,0.0714095763180544,0.146665019819633
"AT1G31230",346.037566480314,-0.294598528276065,0.333190970814447,-0.884173204201639,0.376602720885552,0.520094560638458
"AT1G31230.1",346.037566480314,-0.294598528276065,0.333190970814447,-0.884173204201639,0.376602720885552,0.520094560638458
"AT4G16370",2946.86283205189,-0.290890664540875,0.259232273509249,-1.12212364842951,0.261809870220725,0.396979644568511
"AT2G19940",249.500873236834,-0.289822872541856,0.174646197300057,-1.65948573185316,0.0970179534317646,0.186498024780901
"AT3G28100",482.758703927809,-0.289608700383019,0.223971092951189,-1.29306285274116,0.19598932161767,0.320350292210995
"AT4G13430",2430.99796425829,-0.284446299102645,0.119966269194203,-2.37105230506235,0.0177375207441889,0.0481795155673493
"AT4G13430.1",2430.99796425829,-0.284446299102645,0.119966269194203,-2.37105230506235,0.0177375207441889,0.0481795155673493
"AT1G77760",1442.6619861917,-0.27920439015907,0.313414297902872,-0.890847648072506,0.373010909065,0.516245146731675
"AT2G39890",306.439529479959,-0.276286472639441,0.115422305556957,-2.39370086489134,0.0166793457215847,0.0458660721807948
"AT3G10600",4.92699555258518,-0.271990414156251,0.53186069503259,-0.511394086264608,0.609075135035726,0.72662778262373
"AT5G10920",195.400422156639,-0.271951823766565,0.229876016013758,-1.18303696263071,0.236794498743228,0.368301419006719
"AT5G26780",386.331715215055,-0.271526165063932,0.215990672300592,-1.25711986620446,0.208710234474783,0.33566861714156
"AT4G01440",42.4476178320652,-0.267885190120062,0.299816636055477,-0.893496750695625,0.371591211422842,0.514790241978874
"AT2G15620",1150.81649129309,-0.262653374107379,0.278469289224439,-0.943204095643336,0.345576518899313,0.488486147286959
"AT2G41190",455.790835294772,-0.26150875460534,0.626068040159105,-0.417700214403026,0.676166315532293,0.780690766066005
"AT2G45300",647.466670344803,-0.261020128361021,0.135273300451609,-1.92957610622057,0.0536593817379574,0.116816766790211
"AT1G08490",798.861498303086,-0.257107763910237,0.110163363758067,-2.33387720871413,0.019602152469584,0.0523793627746276
"AT4G39540",410.553729744251,-0.245319106843878,0.170050031904929,-1.44262899627699,0.149125010617727,0.260826166311949
"AT2G37500",144.297215572496,-0.234906870858069,0.212380858379624,-1.10606423126034,0.268698719120885,0.404719698002015
"AT5G05590",56.1095950801209,-0.230464472199129,0.286102503732734,-0.805531126754557,0.4205132517216,0.562703815940946
"AT5G21060",369.401448699628,-0.228283063409258,0.164683721456846,-1.38619082317178,0.165688642916281,0.282479537745076
"AT5G10870",161.551744521435,-0.222929837793382,0.142630520646364,-1.5629883196326,0.118055342188639,0.217497991918673
"AT4G39120",82.7459258596608,-0.213630509272742,0.169782794498889,-1.25825770451752,0.208298572047184,0.335156633099815
"AT2G43090",2166.78211748904,-0.20925172131309,0.165903878881907,-1.26128287489914,0.207206948922127,0.333873875373812
"AT5G17920",11658.165175516,-0.203111081747673,0.258290432074533,-0.786367036968148,0.431652489088347,0.572523943176135
"AT5G09220",861.264553802446,-0.192802387466541,0.364519343420204,-0.528922239510033,0.596859393651424,0.716744675624468
"AT1G75330",628.702942762608,-0.188381097848229,0.112415003993133,-1.67576472140442,0.0937842868572926,0.181310596150041
"AT1G09795",636.389718548903,-0.186899696712974,0.203117914640992,-0.920153680404393,0.35749245573721,0.500600951145399
"AT5G19500",334.210243263597,-0.178237783532011,0.192921354025285,-0.923888308956463,0.355544470618365,0.498488662429861
"AT3G63250",257.191418912858,-0.178125295022277,0.128664533993091,-1.38441643158511,0.166230980455121,0.282978761798622
"AT3G28130",170.950348702393,-0.171685851514868,0.366750704417856,-0.468126848692454,0.639693880220633,0.752648715630531
"AT1G66200",5262.41680498563,-0.160705092187146,0.111353324445413,-1.44319976962992,0.148964204419116,0.260626881846631
"AT5G23810",35.2600261830233,-0.15982093130787,0.299498461270748,-0.533628555651882,0.593598547630185,0.713935114106677
"AT3G55740",264.925692885502,-0.157892654921824,0.175078710170666,-0.901838120511118,0.36714286640349,0.510103455107512
"AT1G15710",154.674483580174,-0.153634508047133,0.157237405516647,-0.977086257193855,0.328526450806529,0.470920292518515
"AT5G65010",633.806617180968,-0.142213045156314,0.321930121641106,-0.441751285749073,0.658669193220118,0.767645831332528
"AT2G17265",391.32845514032,-0.140688115467805,0.119373542889171,-1.17855357278307,0.238575987986765,0.370509376566256
"AT3G49680",565.356545799206,-0.136693622557773,0.282126640284788,-0.484511574021474,0.628022852328334,0.742490750684239
"AT4G13940",8984.20460142388,-0.131771849624737,0.217176153037523,-0.606751007335364,0.544016166051172,0.672814373271189
"AT3G53580",1075.85245633949,-0.129814723779232,0.175560822632485,-0.73942877364492,0.459646675487391,0.59918128030262
"AT3G44720",1966.39646303963,-0.124939997537341,0.145316925155628,-0.859775951105047,0.38991255832925,0.533687086761016
"AT3G53410",374.474938210062,-0.124751730628476,0.18230658736331,-0.68429634075627,0.493788057179715,0.62877585723369
"AT3G22890",7632.68489790375,-0.122399222365191,0.116258944862869,-1.05281552752405,0.292425547021967,0.431027135045444
"AT3G06350",1004.52915768793,-0.117068159732661,0.132682766751746,-0.882316238940813,0.377605817241107,0.521079100218468
"AT4G14880",6647.04995756969,-0.113496406433724,0.162520298325891,-0.698352191097615,0.484956967329244,0.621792974652538
"AT1G31830",278.972297870272,-0.112640355140098,0.142979301752546,-0.787808820993158,0.430808540614792,0.571757971986175
"AT5G10330",124.692055522626,-0.11059457237405,0.180499598453935,-0.612713675384022,0.540065678536496,0.669196966135964
"AT1G24400",42.1892406013372,-0.107409492807438,0.235572290875854,-0.455951302286407,0.648424996972379,0.75956846071002
"AT2G26080",5224.29072738852,-0.106892065678522,0.266147733707769,-0.401626811505709,0.68795869487323,0.789105395354432
"AT1G72130",85.0608367088542,-0.106018854494258,0.435768038417847,-0.243291946970648,0.807779242398088,0.876922117748703
"AT4G01850",1955.26039567002,-0.101421035746718,0.145988262225905,-0.694720480950567,0.487230490265943,0.62361914436703
"AT1G25220",984.588759899951,-0.100037258295313,0.236534329300518,-0.422929130799508,0.672346968156352,0.777948368674922
"AT1G50575",85.040128120339,-0.0964015324009156,0.176346789153107,-0.54665884683173,0.584613132105598,0.706705181764855
"AT4G33150",2276.87561367883,-0.094220885374174,0.674308383108003,-0.139729666328474,0.888873586002591,0.931044528056768
"AT2G30970",654.020317592268,-0.0928030503910312,0.134657844439212,-0.689176711371797,0.490712070388042,0.626450837888591
"AT4G27730",98.3760881373844,-0.0921368353724089,0.325810052375523,-0.282793101994943,0.777335442403405,0.855116607765395
"AT5G18170",2637.02729549929,-0.0871776055938302,0.352711091951454,-0.247164343801893,0.804781038855865,0.875057066939585
"AT3G57050",961.681807997158,-0.0861510424315511,0.163558034833183,-0.526730726004495,0.59838059519015,0.71792344460787
"AT4G35180",668.840678362668,-0.0806270420998631,0.373539022889216,-0.215846369881884,0.829107502221123,0.89132867267779
"AT1G21400",2054.47688428381,-0.0801341846096387,0.337197188066506,-0.237647843593031,0.8121542395189,0.879594720481169
"AT5G27380",1094.09531560999,-0.0779788704582436,0.161327864638977,-0.483356490416248,0.62884263603805,0.743337600600576
"AT1G22540",144.959373803071,-0.0708992624835008,0.175405150606107,-0.404202854012613,0.686063555196704,0.78772832564494
"AT3G23940",257.608910773432,-0.0708131768261517,0.21659434397962,-0.326939178212404,0.743713888008949,0.830597432301069
"AT1G55510",195.693072844163,-0.0665316613671577,0.427194446647937,-0.155740932236388,0.876237231554241,0.922534683323911
"AT1G02500",4198.15433619004,-0.0603004916642899,0.184046897944687,-0.327636555343695,0.743186479030522,0.830395760961872
"AT4G24730",240.727189925895,-0.0583499486325836,0.187574434169881,-0.311076234300341,0.755742667735673,0.839833077367448
"AT5G46180",1625.32091946253,-0.0580481470301349,0.288558226331068,-0.2011661485732,0.840568659916908,0.899377997114531
"AT4G21990",938.595720641704,-0.0530781849631846,0.392703059186473,-0.135161119124312,0.892484487386734,0.933329567299653
"AT5G53970",1754.06462510078,-0.0487104812698489,0.379793695779913,-0.128255107473075,0.897947090665718,0.936496970604757
"AT3G07630",307.835794998693,-0.04400058135695,0.114620812400829,-0.38387951049483,0.701067753298265,0.798870727477885
"AT3G13110",865.751875932784,-0.0434483873803639,0.172522574848781,-0.251841751251667,0.801163384311734,0.872461492458822
"AT1G37130",11897.6436556576,-0.0394734111122264,0.211296329759536,-0.18681541301332,0.851805361829097,0.906627571917858
"AT5G37600",17474.6447023657,-0.0348945573998194,0.306423135907145,-0.113877032478362,0.909335272537433,0.944078846188225
"AT1G14810",460.362037765609,-0.0347402585907221,0.167106161612005,-0.207893343103552,0.835312247055408,0.895621649975117
"AT1G72120",245.944488459688,-0.0295745944025987,0.266416746440015,-0.111008766520079,0.911609395023372,0.945483213513844
"AT1G70260",75.4175436315125,-0.02893804481053,0.53027785600114,-0.0545714750918578,0.956479864462092,0.974673187111319
"AT3G24300",1.10810422468039,-0.0263430379440497,1.15359110813871,-0.0228356804748206,0.981781346535856,0.989079641645455
"AT1G31820",464.374571703171,-0.0164154877430164,0.171122734058791,-0.095928152581858,0.923577635155823,0.952896858144011
"AT2G29690",224.006958411042,-0.0113685820099115,0.262594869813044,-0.0432932372898427,0.965467782030724,0.979652465963366
"AT4G39950",2150.28614575165,-0.0101714424300341,0.319313541150176,-0.0318540904760764,0.974588410535022,0.984712668575764
"AT3G48560",2167.26160040672,-0.00981950744195619,0.205770538871457,-0.0477206673793586,0.961938862678977,0.977729179858802
"AT2G21940",206.68308798362,-0.00953818667254946,0.122619438064343,-0.0777869057558754,0.937997562579817,0.962710409247991
"AT1G74040",262.800347597281,-0.00752372897947512,0.199242939485277,-0.0377615839181648,0.969877774104145,0.981953966846597
"AT3G03720",839.280863439083,-0.00678150504207309,0.145336902255599,-0.0466605861059753,0.962783743840469,0.978126549376447
"AT1G62960",839.428747634107,0.00571646300705827,0.120481017933644,0.0474470012380427,0.96215696960627,0.977812497338863
"AT5G38710",817.98240584614,0.0123781495030327,0.363867719359283,0.0340182677507881,0.972862583572766,0.983866473498191
"AT4G39660",517.197233300488,0.0201205543333776,0.289337193741914,0.0695401585712652,0.944559668087476,0.967593639645722
"AT5G56760",749.894474286563,0.020393889404485,0.1255853957865,0.162390612990983,0.87099826247578,0.919361925748923
"AT3G17820",726.302461056257,0.0211440233320895,0.140325133740514,0.150678804063629,0.880229094218968,0.925047625937881
"AT5G15240",30.2663493532864,0.0213587325318517,0.36047505266533,0.0592516246933776,0.952751691277074,0.972565893393263
"AT3G16180",85.4055021107516,0.0349296513508253,0.264595920455131,0.132011299685735,0.894975354115568,0.934709622454549
"AT1G72330",385.536604221271,0.0395768501136839,0.202421011314264,0.1955175001682,0.844987838892593,0.902207657019059
"AT5G02180",187.268654788494,0.0456884485751209,0.348081373990203,0.131257952849861,0.895571252712888,0.935105361896463
"AT3G56200",1238.74777665868,0.0509840613014823,0.225078143818118,0.226517157270861,0.820799216420796,0.88570191373806
"AT5G57890",43.5810113089305,0.0519064907548764,0.202906320010433,0.255815051754955,0.798093650923592,0.87000161835896
"AT4G32520",560.716802216018,0.0526620223829784,0.160857949709425,0.327382155983633,0.743378860990728,0.830432814712459
"AT5G14570",440.997368725428,0.059097355358782,0.194310873420764,0.304138179806395,0.761022620425754,0.843762049134764
"AT5G04140",5796.19022536305,0.0602943125812787,0.29379478501418,0.205225945648996,0.837395599151429,0.897175809072547
"AT1G48860",489.035838409693,0.0615193720619604,0.100537962269087,0.61190191917065,0.540602651784696,0.669631291139149
"AT2G38290",1220.94443206869,0.0627698900572503,0.109404611251311,0.573740807990837,0.566143209181108,0.691293357025813
"AT4G19710",437.033784723426,0.0648959018888033,0.192609134446891,0.336930551477544,0.736169253752288,0.824523314262207
"AT4G19710.1",437.033784723426,0.0648959018888033,0.192609134446891,0.336930551477544,0.736169253752288,0.824523314262207
"AT1G17120",422.024967386504,0.0686220662236435,0.149899961669547,0.457785748971173,0.647106375286898,0.758642446935912
"AT1G10060",57.6789140338915,0.0759357066561957,0.197812514432804,0.383877162038657,0.701069493995118,0.798870727477885
"AT5G60780",2.04229959967266,0.087918702562139,0.890199678250012,0.098762900852731,0.921326525264076,0.951605631201219
"AT3G08860",438.943167693583,0.0957944565742993,0.488551742861243,0.196078425620327,0.844548782339903,0.901966983636509
"AT1G80360",1077.13837463037,0.0976186911839989,0.17374494133123,0.561850551941521,0.574217846337909,0.698056685045649
"AT1G65960",4450.02967432779,0.0997736256676331,0.170617884820533,0.584778235720021,0.558696840442927,0.685203144626171
"AT4G34030",801.402893456163,0.101176670342414,0.426004854534272,0.237501214517906,0.812267977104865,0.879623598887106
"AT5G66120",1518.17816348923,0.109891369658138,0.119572042381356,0.919038994982258,0.358075176111403,0.501168042989266
"AT5G36940",443.95676528014,0.112482913644453,0.130566217527484,0.861500897969839,0.388962226809112,0.532690864578794
"AT5G65990",406.576491124839,0.11404366721165,0.117724845788087,0.968730657052094,0.332679592359661,0.474866180191174
"AT3G57560",379.788624515949,0.115705131746648,0.161623317574035,0.715893804702074,0.47405692417448,0.61226196368447
"AT5G55930",201.903405994256,0.123077737761608,0.297701496719922,0.413426667711381,0.679294039647877,0.783018912766134
"AT1G69370",194.769657389353,0.128716385956577,0.199864566539374,0.644018037740672,0.519563737359383,0.65113175599744
"AT3G55610",2170.59683017194,0.12950628167744,0.276313790773569,0.468692790594614,0.639289240867643,0.752261061719964
"AT1G80555",2.88138620104673,0.135376427147852,0.756112953990255,0.179042597317539,0.857904254241249,0.910377271269105
"AT3G06850",578.778991759668,0.1482711379268,0.499262481867309,0.296980332614311,0.766481524422661,0.847431960046942
"AT1G22020",461.225567987299,0.148982120480533,0.119325343207033,1.24853712108789,0.211834423021123,0.339123933674529
"AT5G14800",739.231404582517,0.150581219613762,0.165534823823011,0.909664903952549,0.36299925836889,0.506174077482226
"AT2G40460",518.490059556103,0.154425888320592,0.228490035528825,0.675853929311111,0.499133390696961,0.633374141849014
"AT2G40420",341.709734610578,0.156548009760155,0.344167848721258,0.454859483074329,0.649210333370039,0.760199123109314
"AT5G13280",393.34155856296,0.159759869903704,0.145475746096247,1.09818903969055,0.272121951184164,0.408729385671527
"AT3G60510",99.4434382734275,0.167365192100467,0.204212074813544,0.819565602343938,0.412463789526238,0.555655713606558
"AT4G21680",137.070480534914,0.167482573868126,0.752515533421601,0.222563610224233,0.823875160892612,0.887579989314767
"AT5G43780",3914.72473979333,0.172775916682307,0.178717466944291,0.966754507191868,0.333666771477519,0.475928482941522
"AT5G49810",742.119685817341,0.177892809571906,0.224061508070402,0.793946319043837,0.427226682939016,0.568725851107212
"AT5G40240",1261.20648115004,0.179528134798761,0.171282616477106,1.04813984332588,0.294574181604352,0.433423316163235
"AT3G25900",33.9148863543582,0.183906072930648,0.225633040651372,0.815067121374317,0.415033890344995,0.558040076697489
"AT5G63890",600.17117125782,0.188809948371138,0.146855743884036,1.28568310218925,0.198553680888904,0.323445325164656
"AT4G19185",263.367356299391,0.190741863840108,0.134703371217255,1.41601403228782,0.156771396070584,0.270703585425831
"AT4G37670",113.756163831084,0.193926654423107,0.141996243181552,1.36571679699412,0.172027870137887,0.290437714152722
"AT4G37670.1",113.756163831084,0.193926654423107,0.141996243181552,1.36571679699412,0.172027870137887,0.290437714152722
"AT1G29410",41.6376941885797,0.210668381033224,0.253440660407605,0.831233554609625,0.405841702584296,0.549210387947398
"AT1G48640",3.02249203820494,0.213124799671696,0.702949645858975,0.30318643864066,0.761747783331477,0.844175130386066
"AT3G60880",139.865290232416,0.213874737140652,0.165390467857019,1.29315032427109,0.195959072721571,0.320325147853467
"AT5G34930",238.580212615617,0.215780700999867,0.221525523296419,0.974066995933172,0.330023275416664,0.47242021780896
"AT1G18500",738.825229875632,0.222086644600674,0.116604238228564,1.9046189741864,0.0568296183258495,0.122170188034333
"AT3G09770",617.331239806301,0.223805125430636,0.148230006573221,1.50985033735449,0.131081617296979,0.235988527823153
"AT5G03200",321.819662650336,0.230883364158741,0.13724479939356,1.68227404738787,0.0925157112174636,0.179241912004487
"AT3G59760",847.801581465819,0.235679244604908,0.182596565497092,1.2907101727971,0.196804195845624,0.32138967882391
"AT5G13550",869.868521170733,0.24112395996994,0.142352242429649,1.69385431416091,0.0902929701442008,0.175995741353889
"AT1G72140",9.59862595452167,0.246808478036067,0.559500571285991,0.44112283472524,0.659124073104869,0.76788524693251
"AT4G31810",95.0859814125289,0.248604354843572,0.34187053331132,0.727188601005233,0.467110428165914,0.605984382552472
"AT4G10770",640.387446219453,0.25464574349469,0.30397085103898,0.837730797621893,0.402181912480375,0.545491020968536
"AT1G12110",628.738649653137,0.256927462431855,0.295496673460103,0.869476665924447,0.384586465554614,0.528141556291557
"AT2G02040",1509.82714126942,0.25797796877319,0.223522842074049,1.15414588674444,0.248440363460309,0.382194113789016
"AT2G38400",351.473580360586,0.264747534081653,0.452719493825356,0.584793757928576,0.558686402024026,0.685203144626171
"AT5G45370",107.702572776075,0.281780402592415,0.156377855004543,1.8019201157621,0.0715579748603577,0.14683661006485
"AT1G70570",748.448712984404,0.283098710706594,0.118580675012715,2.38739331409808,0.0169683268836318,0.0465005096894948
"AT4G21120",1172.83162978231,0.284116413907951,0.221477461978109,1.28282314313333,0.199554044090573,0.32465009755105
"AT4G33510",3255.47249210615,0.295582491530277,0.174992194222203,1.68911815092135,0.0911967901149605,0.177340351357925
"AT5G57850",441.110579900091,0.295796296299421,0.158015053408348,1.87195010803821,0.061213506284939,0.129672496404627
"AT1G80510",443.654412239281,0.297966450567175,0.146392155169814,2.03539902955548,0.0418107389094584,0.0957833087413364
"AT5G62530",559.337944511709,0.30444827414431,0.208091706658307,1.46304857138888,0.143454088797291,0.253123870406488
"AT2G37450",164.081352638895,0.309775117839034,0.241901117337606,1.28058572547518,0.200339216482808,0.325696352635116
"AT4G08900",441.079540949983,0.310909591953956,0.11150053636569,2.78841342013156,0.00529669031094459,0.0176720506261897
"AT5G51690",141.852841803882,0.314810977497467,0.190562946427464,1.65200519513008,0.0985334917958999,0.188661780808428
"AT5G40210",16.9483948613102,0.317850830593821,0.368321770550254,0.862970521994852,0.388153674564395,0.531820142399287
"AT5G36160",1366.60689244216,0.317990819323855,0.15870955671577,2.00360221466272,0.0451126884399807,0.101810663018926
"AT2G39130",138.008803572389,0.323618465814483,0.141850183878417,2.28141026656591,0.0225241810928298,0.0584478629802863
"AT2G04400",2947.87597853473,0.33675324876501,0.210162840501512,1.60234439143197,0.109079474370651,0.204510964390394
"AT2G24850",5884.16279773848,0.349024845023488,0.299287330262127,1.1661865028426,0.243539048408393,0.376319785952244
"AT5G46040",4.41105395645884,0.355319539904242,0.737202136017808,0.481983871918215,0.629817403402796,0.744081660646058
"AT1G72190",150.47468440188,0.359468471318416,0.16364609309328,2.1966211629233,0.0280475135129494,0.0697159789107203
"AT4G27070",226.695592607038,0.37785297948134,0.172547089635409,2.18985426111643,0.0285348080367889,0.070658244492844
"AT5G65720",1475.82898354924,0.393116897970925,0.117092164837867,3.35732880603291,0.000786994620550753,0.00351756068940627
"AT4G29840",665.106328920757,0.393647964418963,0.144193140953653,2.73000478258178,0.00633334067429816,0.0204788152535679
"AT1G62200",508.72945311185,0.397346390619555,0.256705801276439,1.54786681346428,0.121654366171093,0.222687363449403
"AT3G47340",7858.35467275327,0.403600967418871,0.937365976332603,0.430569252148387,0.666781602392407,0.77371473209926
"AT1G69850",911.729339124661,0.404157474319552,0.238623473624001,1.69370375923864,0.0903215897753499,0.176035602069396
"AT2G45440",312.361676564427,0.4101194430586,0.190916341023059,2.14816312140124,0.0317007992386661,0.0768558853554199
"AT1G22550",29.2927983806913,0.41905145374554,0.277012702340588,1.51275176266219,0.130342725829217,0.234952740184705
"AT1G77380",121.600075252056,0.425811813131998,0.285058554673255,1.49376963487407,0.135235840707314,0.241609801347088
"AT1G03090",1132.6294179036,0.435497554475019,0.811164057294217,0.536879747763602,0.591350681089288,0.711827522267582
"AT3G22200",1400.0368656064,0.452205198145438,0.251369714558871,1.79896452100053,0.0720242931261845,0.147624794852376
"AT1G58030",1990.96229197204,0.454409876164686,0.280492986999675,1.62004006241059,0.105223671295205,0.198804004302418
"AT4G15540",1002.66750711844,0.456555982710439,0.229085797213727,1.9929475692659,0.0462671886334606,0.103850560486855
"AT5G11520",3170.74160166408,0.476779375269606,0.387625081370948,1.2300013548745,0.218696597490818,0.346990227724921
"AT1G05940",845.298846818577,0.486611237419033,0.125143679385816,3.88842041249898,0.00010089874477722,0.000597791078487639
"AT5G27410",248.06212640452,0.487782312129437,0.164632179317815,2.9628612957118,0.00304793879484842,0.0111885835010892
"AT5G20980",114.633884820307,0.489016020326955,0.181579502195645,2.69312347712055,0.00707860480623501,0.0224936995081481
"AT5G38530",587.370602426775,0.492093988567672,0.133762426677121,3.67886558873143,0.000234273688310267,0.00124737569451683
"AT4G02700",10.3855198263112,0.503229322107771,0.537714885510597,0.935866452032326,0.349341951954869,0.492626514328752
"AT3G54640",3964.57237318634,0.526441757296373,0.274683149667435,1.91654186990992,0.0552961590731393,0.119642698635205
"AT2G01170",290.147777268338,0.546307402617513,0.262167480117622,2.08381070898805,0.0371773888483193,0.0871991264725792
"AT1G17290",4589.01458257873,0.560342094930447,0.130365816207155,4.29822871695174,1.72168455527307e-05,0.000127619053309337
"AT3G17240",2433.27539847019,0.564750311125645,0.139534306136914,4.04739398332264,5.17910267671466e-05,0.000335133046480022
"AT5G02170",12.6216305668373,0.578967282196924,0.503411571783739,1.15008735326736,0.250107894669531,0.384101269641441
"AT2G02020",24.4620120370765,0.625347226048745,0.354687658181777,1.7630927144588,0.0778848538065339,0.156803029975072
"AT4G31990",2265.69733259724,0.629894938841667,0.162472467053004,3.87693342919556,0.000105781285777075,0.000623290988767957
"AT3G01760",3.30040194620143,0.636909588959407,0.629640009410963,1.01154561247663,0.311755361696066,0.452462082159819
"AT2G16500",5072.24522231376,0.663316299159529,0.172521637720272,3.84482959891116,0.000120636238607106,0.000697282636670045
"AT1G22570",588.131257555366,0.666213937304854,0.3517408487956,1.89404767625383,0.0582186819031437,0.124552835350371
"AT1G79440",595.577276644453,0.673466547902996,0.342498198239644,1.96633603144322,0.0492598073201163,0.109146563304254
"AT2G20340",346.191473966256,0.682171167288484,0.240297563238077,2.83886011200461,0.00452750003627089,0.0155422288962187
"AT5G19550",2312.34012907502,0.693343024439976,0.123083399998929,5.63311563091374,1.76982706270116e-08,2.83751737701522e-07
"AT5G19080",307.716756497584,0.699436752069452,0.187902610236666,3.72233654012844,0.000197387691745603,0.00107271374066438
"AT3G12520",71.3955087259248,0.712585790984691,0.209081755279242,3.40816820689585,0.000654005663382871,0.00299968370254877
"AT2G22910",267.248917312316,0.714436944216661,0.11231581242164,6.36096493283264,2.0049021776419e-10,4.97714655804466e-09
"AT2G22910.1",267.248917312316,0.714436944216661,0.11231581242164,6.36096493283264,2.0049021776419e-10,4.97714655804466e-09
"AT5G50200",2650.82345893856,0.728019055011125,0.24577161926928,2.96217706981648,0.0030547205569444,0.0112076250363563
"AT3G30390",8520.95167748678,0.771262952583783,0.233332525417457,3.30542409895024,0.000948327855181906,0.00413487831312418
"AT5G40230",100.385419052913,0.7821657106346,0.213132120561634,3.66986312796721,0.000242680374623203,0.00128515033481956
"AT5G41800",326.124943448975,0.810944559136687,0.287604496981328,2.81965187487779,0.00480757745827355,0.0163113964841566
"AT1G11450",5.47685871546601,0.851144034072275,0.50539781940455,1.68410705664515,0.0921609808456206,0.178763598457236
"AT1G36370",1117.34073287068,0.872185437214163,0.251628414736165,3.46616433652241,0.000527940484667389,0.00250078293330686
"AT3G53180",1116.30071448179,0.874215905012493,0.12643260722532,6.91448135254003,4.69578170678114e-12,1.61895526748352e-10
"AT3G45060",58.9554370998678,0.875322786798153,0.38600646750502,2.2676376187577,0.0233513028490606,0.0601522861675503
"AT3G53210",58.0149690716392,0.89405014948401,0.252617806649812,3.53914144588934,0.000401430695357777,0.00197941158434082
"AT5G53460",2861.38832454619,0.899760734802165,0.25840488277442,3.48198039116633,0.000497720137632122,0.0023811886158297
"AT1G08230",261.905265858908,0.919979365829979,0.276024143018401,3.33296702154293,0.000859251266442339,0.00380031738286115
"AT5G40780",7260.34528470585,0.942411030513738,0.288837053973348,3.26277746414315,0.001103261151795,0.00471344725769709
"AT4G28680",13.7845135941711,0.979497416551907,0.421386063314441,2.32446561912277,0.0201005521794296,0.053439444585114
"AT5G54810",6273.72503847235,1.03235741317291,0.204715388040194,5.04289112340796,4.58550189788785e-07,5.26136288049454e-06
"AT1G48470",1.42905299497567,1.06631274225874,1.06037952377266,1.00559537255583,0.314610250787247,0.455470416820989
"AT1G72125",5.99398727294724,1.06690050214642,0.541404252386719,1.97061714503186,0.0487676840458377,0.108234221425452
"AT3G54140",1275.9460044772,1.09819736242244,0.209212775556247,5.24918881986337,1.52770425223904e-07,1.96413909470447e-06
"AT5G05730",2504.83252956141,1.11459858016276,0.28006844963924,3.97973631659861,6.89917488854027e-05,0.000429538920827118
"AT2G34960",224.585719161675,1.12971055268706,0.194622403115168,5.80462749716719,6.45092577543417e-09,1.14754311233244e-07
"AT2G41220",1501.63735543169,1.13851280557478,0.150561451726938,7.56178153515428,3.97585753366134e-14,1.9970111453458e-12
"AT4G34710",9246.69110151146,1.14821921381685,0.284529018678282,4.03550829068562,5.44842155444175e-05,0.000349516486022956
"AT3G22460",435.783805234685,1.20574116490552,0.227386194992542,5.30261375342097,1.14156287690271e-07,1.5109580387899e-06
"AT5G09300",28.1014531850785,1.21089857580723,0.292174044972294,4.14444265890236,3.4064117716205e-05,0.000233020193190091
"AT5G62730",1.23768189941484,1.2844603590032,1.24641081120408,1.03052729281317,0.302762547031334,0.442480152158924
"AT5G07440",3938.1289597892,1.29439484154271,0.476877328068417,2.71431407063455,0.00664131691865831,0.0213560807287344
"AT3G45650",171.255290720102,1.33623962025172,0.22558334370974,5.92348529938924,3.1518891765483e-09,6.05320035439062e-08
"AT5G47450",1.30318928106417,1.37534655199089,1.52061183248751,0.904469189708337,0.365746664485513,0.508907198567468
"AT3G45710",27.4686770779987,1.47650163650192,0.326380992790167,4.52385913738295,6.0722145671388e-06,5.14931442316832e-05
"AT5G17330",343.324054921496,1.59294388218689,0.202733199470444,7.85734100950312,3.92373567136271e-15,2.3227652814979e-13
"AT1G27040",4.93066317712081,1.79086432807751,0.684853491407552,2.61495976956593,0.00892379658056229,0.0272519796935879
"AT1G12940",206.956553282161,2.09106446266935,0.388166937683359,5.38702362223107,7.16340224359428e-08,9.92011513785151e-07
"AT1G27080",1.5413467535225,2.11367586396097,1.33345017498884,1.58511799211295,0.112939528411115,0.210048416899941
"AT2G36590",108.951433147968,2.24509630760501,0.322704482856374,6.95712773412025,3.47280067770849e-12,1.23893889078249e-10
"AT3G45660",17.8086326007124,2.26575505003631,0.42076629350157,5.38483021342074,7.25130643539361e-08,1.00289570648178e-06
"AT2G17630",351.687348463568,2.65693825019276,0.244758639053455,10.8553400217775,1.88105401495029e-27,5.26401972911024e-25
"AT4G35630",2536.59253014658,2.70275758435842,0.262567632302023,10.2935672636509,7.53326475803429e-25,1.72688073410769e-22
"AT1G09930",455.690228319359,2.7298254947621,0.223746531155747,12.2005265541386,3.08820437978353e-34,1.51237790853581e-31
"AT1G08090",228.268625057217,4.02676959218241,0.425919755360382,9.45429166293368,3.25216380470508e-21,4.55049517297305e-19
