"","x"
"1","AT2G29350"
"2","AT1G73260"
"3","AT2G19500"
"4","AT2G44240"
"5","AT2G35980"
"6","AT3G01420"
"7","AT4G14630"
"8","AT4G16260"
"9","AT5G66690"
"10","AT1G15520"
"11","AT3G22600"
"12","AT4G10500"
"13","AT1G68620"
"14","AT1G26390"
"15","AT3G44300"
"16","AT2G19190"
"17","AT2G29470"
"18","AT1G09932"
"19","AT2G43570"
"20","AT1G33950"
"21","AT3G55970"
"22","AT2G45220"
"23","AT1G19250"
"24","AT3G13950"
"25","AT1G69140"
"26","AT5G46960"
"27","AT1G32960"
"28","AT2G14610"
"29","AT3G13610"
"30","AT1G14880"
"31","AT3G46080"
"32","AT3G60120"
"33","AT3G28510"
"34","AT1G66960"
"35","AT2G30770"
"36","AT1G21240"
"37","AT4G15610"
"38","AT4G15417"
"39","AT1G32350"
"40","AT1G66700"
"41","AT3G48850"
"42","AT1G51860"
"43","AT5G38900"
"44","AT2G41850"
"45","AT4G23150"
"46","AT1G13520"
"47","AT1G44130"
"48","AT1G65690"
"49","AT4G11650"
"50","AT1G33960"
"51","AT4G00700"
"52","AT1G30730"
"53","AT3G11340"
"54","AT4G23310"
"55","AT4G37990"
"56","AT1G13340"
"57","AT5G13080"
"58","AT5G51465"
"59","AT5G25260"
"60","AT1G09930"
"61","AT4G04500"
"62","AT4G23700"
"63","AT3G15536"
"64","AT3G51860"
"65","AT3G60140"
"66","AT2G36690"
"67","AT1G51890"
"68","AT3G22620"
"69","AT1G30700"
"70","AT3G26830"
"71","AT5G11210"
"72","AT2G13810"
"73","AT3G57260"
"74","AT3G61390"
"75","AT1G67980"
"76","AT4G28940"
"77","AT2G39518"
"78","AT5G02780"
"79","AT3G53150"
"80","AT3G18250"
"81","AT4G15280"
"82","AT2G18690"
"83","AT2G29460"
"84","AT2G32190"
"85","AT5G53110"
"86","AT5G43350"
"87","AT4G25810"
"88","AT4G22070"
"89","AT1G61800"
"90","AT1G14870"
"91","AT3G50770"
"92","AT2G22470"
"93","AT2G24850"
"94","AT2G45570"
"95","AT2G26400"
"96","AT2G34500"
"97","AT5G44990"
"98","AT4G21120"
"99","AT1G36622"
"100","AT4G21840"
"101","AT2G37750"
"102","AT3G25010"
"103","AT1G26420"
"104","AT2G23110"
"105","AT5G62360"
"106","AT2G43000"
"107","AT5G48400"
"108","AT1G58340"
"109","AT1G07050"
"110","AT2G25440"
"111","AT5G13320"
"112","AT5G46350"
"113","AT5G48410"
"114","AT1G68050"
"115","AT1G57630"
"116","AT1G01680"
"117","AT1G30720"
"118","AT5G19880"
"119","AT5G38250"
"120","AT1G51820"
"121","AT2G27660"
"122","AT4G23140"
"123","AT4G23215"
"124","AT1G65610"
"125","AT1G28480"
"126","AT1G53625"
"127","AT5G39520"
"128","AT3G49780"
"129","AT4G23210"
"130","AT1G51800"
"131","AT4G35180"
"132","AT4G13890"
"133","AT2G45760"
"134","AT5G11920"
"135","AT5G09290"
"136","AT1G66600"
"137","AT5G24200"
"138","AT1G26410"
"139","AT4G25070"
"140","AT4G12480"
"141","AT5G64120"
"142","AT4G12490"
"143","AT1G05340"
"144","AT2G18660"
"145","AT4G10860"
"146","AT2G06845"
"147","AT1G33030"
"148","AT2G42140"
"149","AT3G13433"
"150","AT4G39670"
"151","AT3G10320"
"152","AT5G52390"
"153","AT3G21520"
"154","AT1G55775"
"155","AT5G22570"
"156","AT1G75040"
"157","AT4G19970"
"158","AT4G04490"
"159","AT3G22910"
"160","AT1G65483"
"161","AT4G23550"
"162","AT1G21310"
"163","AT3G09220"
"164","AT1G01060"
"165","AT5G24110"
"166","AT2G21660"
"167","AT3G49120"
"168","AT3G10815"
"169","AT1G71390"
"170","AT1G35230"
"171","AT5G01550"
"172","AT4G11890"
"173","AT3G29250"
"174","AT5G63225"
"175","AT1G15380"
"176","AT1G09080"
"177","AT2G28110"
"178","AT1G26380"
"179","AT3G01830"
"180","AT5G44480"
"181","AT5G23160"
"182","AT4G36950"
"183","AT2G40080"
"184","AT5G40010"
"185","AT1G58225"
"186","AT1G30900"
"187","AT1G80160"
"188","AT2G32680"
"189","AT2G29110"
"190","AT1G56060"
"191","AT2G23830"
"192","AT1G02220"
"193","AT5G67310"
"194","AT4G20000"
"195","AT2G26020"
"196","AT5G20230"
"197","AT4G08770"
"198","AT1G35140"
"199","AT1G12940"
"200","AT3G63380"
"201","AT2G38240"
"202","AT3G47480"
"203","AT5G65140"
"204","AT2G30750"
"205","AT4G33980"
"206","AT1G47890"
"207","AT3G63160"
"208","AT1G74010"
"209","AT5G02490"
"210","AT2G17500"
"211","AT5G45890"
"212","AT3G09960"
"213","AT1G61560"
"214","AT2G39210"
"215","AT3G09940"
"216","AT3G28210"
"217","AT4G37010"
"218","AT5G46050"
"219","AT3G26210"
"220","AT4G39610"
"221","AT1G33730"
"222","AT4G03450"
"223","AT1G65510"
"224","AT5G45090"
"225","AT1G70170"
"226","AT4G18430"
"227","AT2G04100"
"228","AT5G59490"
"229","AT2G33830"
"230","AT4G18250"
"231","AT1G13470"
"232","AT5G52760"
"233","AT2G21610"
"234","AT1G05880"
"235","AT1G74590"
"236","AT3G09270"
"237","AT5G64100"
"238","AT3G01175"
"239","AT5G42380"
"240","AT1G66465"
"241","AT5G66890"
"242","AT4G35380"
"243","AT4G11655"
"244","AT1G17615"
"245","AT5G67340"
"246","AT1G51920"
"247","AT4G04510"
"248","AT5G10760"
"249","AT2G26010"
"250","AT5G64810"
"251","AT5G50760"
"252","AT2G04460"
"253","AT5G15960"
"254","AT2G39530"
"255","AT1G74360"
"256","AT5G44610"
"257","AT3G21080"
"258","AT5G42830"
"259","AT4G30650"
"260","AT5G25910"
"261","AT3G24900"
"262","AT5G44567"
"263","AT3G44990"
"264","AT1G10340"
"265","AT5G59530"
"266","AT4G14690"
"267","AT1G69930"
"268","AT2G43510"
"269","AT3G45860"
"270","AT1G10070"
"271","AT1G02580"
"272","AT4G32810"
"273","AT3G49340"
"274","AT1G17020"
"275","AT1G63840"
"276","AT1G78780"
"277","AT5G10520"
"278","AT4G28390"
"279","AT1G69490"
"280","AT1G02930"
"281","AT1G65500"
"282","AT1G66570"
"283","AT2G39200"
"284","AT5G48657"
"285","AT4G07820"
"286","AT5G24530"
"287","AT4G39830"
"288","AT2G38940"
"289","AT3G04717"
"290","AT1G35710"
"291","AT1G60470"
"292","AT3G45330"
"293","AT2G14620"
"294","AT3G47340"
"295","AT2G40740"
"296","AT4G11070"
"297","AT2G30550"
"298","AT5G57510"
"299","AT5G43580"
"300","AT1G08050"
"301","AT5G62480"
"302","AT3G57460"
"303","AT3G46690"
"304","AT3G60966"
"305","AT1G57650"
"306","AT2G39410"
"307","AT5G49690"
"308","AT3G50480"
"309","AT5G59220"
"310","AT2G43550"
"311","AT1G21525"
"312","AT5G38710"
"313","AT1G47980"
"314","AT5G50200"
"315","AT5G05340"
"316","AT3G49210"
"317","AT3G51440"
"318","AT5G40780"
"319","AT2G47130"
"320","AT1G02920"
"321","AT4G31800"
"322","AT2G32210"
"323","AT5G20630"
"324","AT2G00580"
"325","AT4G20860"
"326","AT1G70690"
"327","AT5G62150"
"328","AT4G38560"
"329","AT1G18860"
"330","AT4G36990"
"331","AT3G28580"
"332","AT1G07900"
"333","AT3G25610"
"334","AT3G61280"
"335","AT1G08090"
"336","AT5G26690"
"337","AT4G08950"
"338","AT5G07010"
"339","AT1G60095"
"340","AT4G14370"
"341","AT2G38340"
"342","AT1G75000"
"343","AT2G46400"
"344","AT3G46090"
"345","AT5G08240"
"346","AT4G14390"
"347","AT1G73010"
"348","AT5G13330"
"349","AT5G25250"
"350","AT1G67520"
"351","AT1G16420"
"352","AT1G65845"
"353","AT3G60415"
"354","AT2G33080"
"355","AT1G51850"
"356","AT2G04495"
"357","AT3G51330"
"358","AT3G05800"
"359","AT3G44326"
"360","AT3G48020"
"361","AT3G55150"
"362","AT1G64940"
"363","AT1G05000"
"364","AT1G29640"
"365","AT5G18350"
"366","AT5G28237"
"367","AT3G04720"
"368","AT1G27565"
"369","AT1G61080"
"370","AT2G47190"
"371","AT5G25180"
"372","AT1G09500"
"373","AT2G17740"
"374","AT2G03850"
"375","AT4G21850"
"376","AT5G46950"
"377","AT2G37770"
"378","AT5G44420"
"379","AT1G63245"
"380","AT1G52890"
"381","AT1G79680"
"382","AT2G25090"
"383","AT1G19610"
"384","AT3G45130"
"385","AT1G09935"
"386","AT4G25480"
"387","AT5G24090"
"388","AT4G02280"
"389","AT4G20110"
"390","AT1G66280"
"391","AT1G02360"
"392","AT3G07650"
"393","AT5G24080"
"394","AT5G17330"
"395","AT1G65970"
"396","AT1G29715"
"397","AT5G38540"
"398","AT4G14365"
"399","AT1G45145"
"400","AT1G56550"
"401","AT1G69810"
"402","AT1G69480"
"403","AT4G10960"
"404","AT5G24470"
"405","AT2G14560"
"406","AT1G16090"
"407","AT4G28420"
"408","AT2G34600"
"409","AT4G13900"
"410","AT2G43590"
"411","AT1G70140"
"412","AT3G04070"
"413","AT1G53620"
"414","AT5G43650"
"415","AT4G37530"
"416","AT2G42540"
"417","AT5G57480"
"418","AT3G24420"
"419","AT1G07620"
"420","AT2G19800"
"421","AT3G57380"
"422","AT5G27420"
"423","AT2G21900"
"424","AT3G22840"
"425","AT1G01480"
"426","AT3G02705"
"427","AT5G12050"
"428","AT1G79450"
"429","AT3G05880"
"430","AT1G01340"
"431","AT5G59820"
"432","AT5G54610"
"433","AT3G11010"
"434","AT5G57220"
"435","AT4G23810"
"436","AT5G35200"
"437","AT1G61120"
"438","AT4G21830"
"439","AT1G15670"
"440","AT4G37150"
"441","AT3G26500"
"442","AT1G14540"
"443","AT5G57010"
"444","AT5G44585"
"445","AT1G69920"
"446","AT1G66725"
"447","AT2G31865"
"448","AT3G05630"
"449","AT2G31945"
"450","AT3G13380"
"451","AT2G04040"
"452","AT3G13790"
"453","AT1G78370"
"454","AT1G76960"
"455","AT4G08840"
"456","AT1G30220"
"457","AT5G26170"
"458","AT3G26470"
"459","AT2G35730"
"460","AT4G23320"
"461","AT5G53870"
"462","AT5G01100"
"463","AT2G42530"
"464","AT5G20960"
"465","AT2G41240"
"466","AT3G56970"
"467","AT2G18328"
"468","AT1G24145"
"469","AT4G20320"
"470","AT2G04450"
"471","AT1G13310"
"472","AT2G32140"
"473","AT1G01560"
"474","AT3G12910"
"475","AT3G21500"
"476","AT5G36970"
"477","AT2G28900"
"478","AT4G32280"
"479","AT3G17790"
"480","AT2G38250"
"481","AT5G39860"
"482","AT1G08310"
"483","AT5G57550"
"484","AT3G48640"
"485","AT5G24230"
"486","AT4G04330"
"487","AT1G77640"
"488","AT4G15270"
"489","AT1G12090"
"490","AT5G26920"
"491","AT5G39580"
"492","AT5G39720"
"493","AT1G73810"
"494","AT5G48540"
"495","AT1G06620"
"496","AT1G49000"
"497","AT5G42900"
"498","AT3G26440"
"499","AT1G54575"
"500","AT4G01360"
"501","AT1G53470"
"502","AT5G10380"
"503","AT5G22380"
"504","AT3G62950"
"505","AT3G00850"
"506","AT1G72520"
"507","AT4G19370"
"508","AT5G54165"
"509","AT5G44460"
"510","AT2G42350"
"511","AT4G23160"
"512","AT1G26240"
"513","AT1G74080"
"514","AT1G32950"
"515","AT1G21910"
"516","AT2G46150"
"517","AT3G62590"
"518","AT5G44575"
"519","AT1G17665"
"520","AT5G18270"
"521","AT2G43100"
"522","AT1G14080"
"523","AT1G05680"
"524","AT5G39100"
"525","AT4G35110"
"526","AT2G26290"
"527","AT3G28890"
"528","AT5G49520"
"529","AT1G56120"
"530","AT1G49450"
"531","AT1G51620"
"532","AT5G03615"
"533","AT5G47850"
"534","AT1G36640"
"535","AT2G41380"
"536","AT2G37970"
"537","AT4G37520"
"538","AT3G61930"
"539","AT1G02310"
"540","AT3G56891"
"541","AT1G69790"
"542","AT1G62300"
"543","AT5G62770"
"544","AT2G25297"
"545","AT5G67080"
"546","AT4G34135"
"547","AT4G37390"
"548","AT4G08860"
"549","AT5G24540"
"550","AT4G12330"
"551","AT1G04600"
"552","AT2G03360"
"553","AT1G66160"
"554","AT4G11910"
"555","AT1G04580"
"556","AT1G74670"
"557","AT3G23250"
"558","AT5G39110"
"559","AT3G05730"
"560","AT5G45380"
"561","AT3G54150"
"562","AT5G44260"
"563","AT5G44430"
"564","AT1G47510"
"565","AT3G30775"
"566","AT2G41250"
"567","AT4G37370"
"568","AT4G18253"
"569","AT3G01290"
"570","AT1G68150"
"571","AT2G04070"
"572","AT1G66880"
"573","AT2G45360"
"574","AT4G34790"
"575","AT1G76040"
"576","AT4G24000"
"577","AT3G29034"
"578","AT3G13100"
"579","AT5G06730"
"580","AT3G25510"
"581","AT2G24160"
"582","AT4G20460"
"583","AT4G26530"
"584","AT4G25100"
"585","AT4G18350"
"586","AT5G48490"
"587","AT5G52720"
"588","AT1G02470"
"589","AT3G02840"
"590","AT5G13820"
"591","AT2G40095"
"592","AT3G57240"
"593","AT1G19530"
"594","AT1G05100"
"595","AT2G39030"
"596","AT4G35770"
"597","AT1G76790"
"598","AT3G01440"
"599","AT2G14247"
"600","AT5G06690"
"601","AT3G27690"
"602","AT5G45000"
"603","AT5G40990"
"604","AT3G17609"
"605","AT3G09600"
"606","AT5G22540"
"607","AT3G51540"
"608","AT4G28460"
"609","AT3G12220"
"610","AT4G11340"
"611","AT5G39670"
"612","AT3G49130"
"613","AT1G63720"
"614","AT2G20142"
"615","AT3G08860"
"616","AT1G80590"
"617","AT2G44380"
"618","AT2G21210"
"619","AT1G78410"
"620","AT4G34131"
"621","AT2G18680"
"622","AT1G49230"
"623","AT4G05020"
"624","AT2G02100"
"625","AT5G42010"
"626","AT5G64510"
"627","AT5G35580"
"628","AT5G34940"
"629","AT1G34180"
"630","AT4G40020"
"631","AT4G17215"
"632","AT4G24110"
"633","AT5G62280"
"634","AT1G16410"
"635","AT3G59930"
"636","AT5G37600"
"637","AT1G67920"
"638","AT5G18600"
"639","AT3G50930"
"640","AT3G01500"
"641","AT5G57560"
"642","AT4G26470"
"643","AT1G14780"
"644","AT3G03650"
"645","AT1G56660"
"646","AT3G28540"
"647","AT1G19150"
"648","AT5G64750"
"649","AT1G13530"
"650","AT3G16250"
"651","AT4G38860"
"652","AT2G30140"
"653","AT3G56980"
"654","AT4G02380"
"655","AT5G41750"
"656","AT4G23230"
"657","AT5G22520"
"658","AT2G41640"
"659","AT5G22530"
"660","AT5G38350"
"661","AT4G18990"
"662","AT1G73805"
"663","AT4G23190"
"664","AT4G26670"
"665","AT5G51550"
"666","AT4G03320"
"667","AT4G19460"
"668","AT1G79900"
"669","AT1G09310"
"670","AT3G09520"
"671","AT1G76980"
"672","AT3G04320"
"673","AT5G12340"
"674","AT1G01010"
"675","AT1G51790"
"676","AT1G24140"
"677","AT4G09770"
"678","AT4G17160"
"679","AT5G01900"
"680","AT2G46940"
"681","AT5G21430"
"682","AT3G23120"
"683","AT4G12900"
"684","AT3G04420"
"685","AT1G12610"
"686","AT5G48250"
"687","AT4G12500"
"688","AT1G71000"
"689","AT4G04540"
"690","AT4G33150"
"691","AT2G26480"
"692","AT2G47000"
"693","AT1G28330"
"694","AT5G67450"
"695","AT2G27389"
"696","AT1G65790"
"697","AT1G67000"
"698","AT4G25000"
"699","AT2G34940"
"700","AT3G20810"
"701","AT1G13830"
"702","AT5G02380"
"703","AT4G15120"
"704","AT2G43150"
"705","AT5G52640"
"706","AT2G15020"
"707","AT1G68630"
"708","AT1G60830"
"709","AT1G75170"
"710","AT1G67865"
"711","AT5G65600"
"712","AT4G01720"
"713","AT4G01870"
"714","AT5G46230"
"715","AT3G47050"
"716","AT3G60970"
"717","AT5G02160"
"718","AT3G07600"
"719","AT1G17745"
"720","AT5G15950"
"721","AT5G58940"
"722","AT2G31020"
"723","AT2G26440"
"724","AT3G51360"
"725","AT3G19710"
"726","AT3G52400"
"727","AT3G46280"
"728","AT1G50040"
"729","AT3G25250"
"730","AT5G22560"
"731","AT5G40690"
"732","AT3G13435"
"733","AT3G12500"
"734","AT3G19390"
"735","AT5G60100"
"736","AT3G55646"
"737","AT4G02520"
"738","AT1G68690"
"739","AT1G76970"
"740","AT4G23600"
"741","AT1G69720"
"742","AT1G64370"
"743","AT5G06850"
"744","AT5G52810"
"745","AT3G25882"
"746","AT1G21120"
"747","AT1G57560"
"748","AT2G02930"
"749","AT1G33760"
"750","AT2G33580"
"751","AT3G10520"
"752","AT3G04220"
"753","AT4G16690"
"754","AT4G26120"
"755","AT1G69880"
"756","AT2G42480"
"757","AT3G45410"
"758","AT1G76930"
"759","AT1G01520"
"760","AT5G62720"
"761","AT1G66920"
"762","AT4G01350"
"763","AT1G76470"
"764","AT3G47070"
"765","AT5G16360"
"766","AT1G02450"
"767","AT3G54420"
"768","AT1G32940"
"769","AT1G51270"
"770","AT1G60730"
"771","AT2G37980"
"772","AT3G08970"
"773","AT3G44350"
"774","AT3G46640"
"775","AT5G56960"
"776","AT4G05100"
"777","AT2G42870"
"778","AT3G53230"
"779","AT2G45180"
"780","AT2G28710"
"781","AT5G24210"
"782","AT1G10040"
"783","AT4G25390"
"784","AT4G14130"
"785","AT3G50120"
"786","AT4G15248"
"787","AT4G36850"
"788","AT5G46500"
"789","AT3G47540"
"790","AT5G44130"
"791","AT5G10300"
"792","AT3G59700"
"793","AT4G39675"
"794","AT2G44370"
"795","AT2G44790"
"796","AT3G45970"
"797","AT3G04010"
"798","AT5G25930"
"799","AT1G64780"
"800","AT1G23040"
"801","AT1G33840"
"802","AT1G18730"
"803","AT1G21550"
"804","AT1G15040"
"805","AT1G65730"
"806","AT3G53250"
"807","AT5G20250"
"808","AT2G47800"
"809","AT3G19970"
"810","AT5G05890"
"811","AT4G15530"
"812","AT3G62550"
"813","AT4G18440"
"814","AT1G73600"
"815","AT3G26060"
"816","AT5G62350"
"817","AT1G52690"
"818","AT1G10550"
"819","AT1G66100"
"820","AT5G15870"
"821","AT1G12010"
"822","AT4G17670"
"823","AT4G23220"
"824","AT1G22400"
"825","AT3G03470"
"826","AT2G22860"
"827","AT4G37070"
"828","AT1G03850"
"829","AT1G21250"
"830","AT4G31230"
"831","AT5G18020"
"832","AT1G70640"
"833","AT5G48180"
"834","AT1G67070"
"835","AT5G38420"
"836","AT5G39090"
"837","AT3G21460"
"838","AT2G44290"
"839","AT5G64905"
"840","AT5G64790"
"841","AT1G61820"
"842","AT2G34960"
"843","AT1G30990"
"844","AT1G48000"
"845","AT5G22550"
"846","AT5G22545"
"847","AT4G36570"
"848","AT3G28220"
"849","AT5G22300"
"850","AT1G52200"
"851","AT5G41080"
"852","AT2G40610"
"853","AT2G27690"
"854","AT3G04060"
"855","AT2G46270"
"856","AT5G51720"
"857","AT3G01970"
"858","AT1G43910"
"859","AT3G47780"
"860","AT2G25000"
"861","AT5G39210"
"862","AT1G23840"
"863","AT4G21903"
"864","AT1G52230"
"865","AT5G18030"
"866","AT3G48080"
"867","AT1G19020"
"868","AT5G19230"
"869","AT3G58990"
"870","AT1G15330"
"871","AT2G02010"
"872","AT4G26220"
"873","AT5G01640"
"874","AT2G38860"
"875","AT1G72280"
"876","AT2G44010"
"877","AT5G49680"
"878","AT2G33380"
"879","AT5G27060"
"880","AT2G05540"
"881","AT5G64860"
"882","AT3G21150"
"883","AT2G02130"
"884","AT2G46430"
"885","AT1G06980"
"886","AT4G05030"
"887","AT4G32340"
"888","AT1G61420"
"889","AT1G56300"
"890","AT3G53800"
"891","AT4G34380"
"892","AT4G39030"
"893","AT5G50450"
"894","AT4G06790"
"895","AT5G58350"
"896","AT3G23550"
"897","AT1G74710"
"898","AT1G59590"
"899","AT5G62920"
"900","AT4G28040"
"901","AT2G29100"
"902","AT2G46830"
"903","AT1G42980"
"904","AT1G11300"
"905","AT4G22680"
"906","AT5G23010"
"907","AT5G13200"
"908","AT4G25780"
"909","AT5G14180"
"910","AT5G60900"
"911","AT5G18050"
"912","AT4G23670"
"913","AT1G66060"
"914","AT1G68440"
"915","AT2G19900"
"916","AT1G58420"
"917","AT5G55460"
"918","AT2G16900"
"919","AT1G65486"
"920","AT3G55790"
"921","AT3G60470"
"922","AT1G13480"
"923","AT2G38465"
"924","AT3G26230"
"925","AT1G03870"
"926","AT5G06230"
"927","AT5G57110"
"928","AT5G44680"
"929","AT3G26220"
"930","AT5G18660"
"931","AT5G03120"
"932","AT5G64770"
"933","AT2G17050"
"934","AT2G40340"
"935","AT1G64950"
"936","AT4G30270"
"937","AT3G15500"
"938","AT4G17660"
"939","AT4G16563"
"940","AT5G44005"
"941","AT1G66090"
"942","AT2G25460"
"943","AT5G49700"
"944","AT1G15790"
"945","AT1G06080"
"946","AT4G26260"
"947","AT3G57510"
"948","AT2G23680"
"949","AT1G19480"
"950","AT1G47395"
"951","AT4G34410"
"952","AT1G77810"
"953","AT4G17810"
"954","AT2G29990"
"955","AT1G70890"
"956","AT3G14620"
"957","AT5G65500"
"958","AT1G67810"
"959","AT3G48650"
"960","AT1G75250"
"961","AT5G24205"
"962","AT2G21130"
"963","AT4G32650"
"964","AT1G08450"
"965","AT2G15890"
"966","AT3G15353"
"967","AT2G37830"
"968","AT2G20560"
"969","AT3G19850"
"970","AT2G23170"
"971","AT1G10140"
"972","AT1G64360"
"973","AT1G26200"
"974","AT5G45820"
"975","AT1G76530"
"976","AT3G51600"
"977","AT5G56870"
"978","AT5G17860"
"979","AT3G22460"
"980","AT1G06830"
"981","AT3G07195"
"982","AT5G38430"
"983","AT5G63130"
"984","AT5G02760"
"985","AT2G46750"
"986","AT5G38410"
"987","AT1G28190"
"988","AT3G55240"
"989","AT3G50260"
"990","AT2G26560"
"991","AT2G05440"
"992","AT1G48330"
"993","AT5G08640"
"994","AT1G32900"
"995","AT1G76650"
"996","AT1G29290"
"997","AT1G13609"
"998","AT2G23270"
"999","AT3G02480"
"1000","AT1G13650"
"1001","AT5G49480"
"1002","AT4G19810"
"1003","AT3G14680"
"1004","AT5G63780"
"1005","AT3G11080"
"1006","AT4G21400"
"1007","AT5G64040"
"1008","AT3G16860"
"1009","AT2G29290"
"1010","AT5G44380"
"1011","AT3G56500"
"1012","AT1G62320"
"1013","AT1G64880"
"1014","AT1G29395"
"1015","AT2G35960"
"1016","AT5G07440"
"1017","AT1G31690"
"1018","AT5G40230"
"1019","AT5G25440"
"1020","AT1G22890"
"1021","AT1G09350"
"1022","AT3G46970"
"1023","AT2G29120"
"1024","AT1G01250"
"1025","AT5G66780"
"1026","AT3G54830"
"1027","AT1G29500"
"1028","AT5G10625"
"1029","AT4G33050"
"1030","AT2G32430"
"1031","AT5G52740"
"1032","AT4G23280"
"1033","AT5G15130"
"1034","AT5G47590"
"1035","AT5G05300"
"1036","AT3G52720"
"1037","AT5G61160"
"1038","AT2G00920"
"1039","AT1G74020"
"1040","AT1G30620"
"1041","AT1G17170"
"1042","AT1G30380"
"1043","AT4G14368"
"1044","AT5G39120"
"1045","AT4G33420"
"1046","AT2G21850"
"1047","AT2G15390"
"1048","AT5G66640"
"1049","AT4G30230"
"1050","AT4G26200"
"1051","AT1G08630"
"1052","AT4G13820"
"1053","AT3G11480"
"1054","AT4G03060"
"1055","AT1G13550"
"1056","AT2G24195"
"1057","AT4G29610"
"1058","AT5G14200"
"1059","AT1G62760"
"1060","AT1G78440"
"1061","AT3G43250"
"1062","AT1G68390"
"1063","AT2G45470"
"1064","AT4G25490"
"1065","AT5G17460"
"1066","AT3G01513"
"1067","AT3G08590"
"1068","AT4G14040"
"1069","AT5G01380"
"1070","AT4G08850"
"1071","AT5G43910"
"1072","AT5G05600"
"1073","AT4G14640"
"1074","AT1G57640"
"1075","AT5G27290"
"1076","AT5G45830"
"1077","AT5G28646"
"1078","AT1G08380"
"1079","AT4G31970"
"1080","AT2G04430"
"1081","AT4G35630"
"1082","AT1G26945"
"1083","AT5G52970"
"1084","AT4G27440"
"1085","AT4G32870"
"1086","AT1G77380"
"1087","AT1G08940"
"1088","AT5G52730"
"1089","AT3G47090"
"1090","AT2G39900"
"1091","AT2G16367"
"1092","AT3G47420"
"1093","AT1G22590"
"1094","AT5G59130"
"1095","AT1G03660"
"1096","AT1G72540"
"1097","AT5G18060"
"1098","AT4G05180"
"1099","AT5G66580"
"1100","AT2G40113"
"1101","AT1G29450"
"1102","AT5G65090"
"1103","AT2G27385"
"1104","AT2G34580"
"1105","AT1G53830"
"1106","AT5G66630"
"1107","AT3G62930"
"1108","AT2G22122"
"1109","AT5G39050"
"1110","AT2G36020"
"1111","AT3G48360"
"1112","AT3G26170"
"1113","AT4G01750"
"1114","AT5G58260"
"1115","AT1G32470"
"1116","AT2G27080"
"1117","AT4G21680"
"1118","AT3G51430"
"1119","AT5G18780"
"1120","AT3G62260"
"1121","AT5G12930"
"1122","AT1G58190"
"1123","AT3G48420"
"1124","AT1G65484"
"1125","AT2G37710"
"1126","AT4G37240"
"1127","AT1G02230"
"1128","AT1G29510"
"1129","AT4G18870"
"1130","AT1G17380"
"1131","AT5G46080"
"1132","AT5G17300"
"1133","AT5G63810"
"1134","AT4G15660"
"1135","AT1G15010"
"1136","AT4G13340"
"1137","AT2G37760"
"1138","AT3G10930"
"1139","AT5G16030"
"1140","AT5G09440"
"1141","AT1G52900"
"1142","AT1G09480"
"1143","AT4G12830"
"1144","AT4G08040"
"1145","AT1G50732"
"1146","AT5G15970"
"1147","AT4G16000"
"1148","AT5G25820"
"1149","AT3G57950"
"1150","AT5G09930"
"1151","AT1G21520"
"1152","AT3G02380"
"1153","AT4G01700"
"1154","AT1G76640"
"1155","AT5G24420"
"1156","AT2G17230"
"1157","AT4G30280"
"1158","AT3G55890"
"1159","AT2G35930"
"1160","AT2G47950"
"1161","AT2G21650"
"1162","AT4G35320"
"1163","AT5G37540"
"1164","AT3G53900"
"1165","AT5G55420"
"1166","AT1G53035"
"1167","AT3G21055"
"1168","AT1G31885"
"1169","AT1G47400"
"1170","AT1G75750"
"1171","AT2G32100"
"1172","AT2G41905"
"1173","AT1G21390"
"1174","AT5G26340"
"1175","AT5G64890"
"1176","AT4G14020"
"1177","AT1G67360"
"1178","AT1G13930"
"1179","AT3G61198"
"1180","AT5G43750"
"1181","AT5G50800"
"1182","AT4G25110"
"1183","AT5G08150"
"1184","AT3G61190"
"1185","AT1G01620"
"1186","AT1G02640"
"1187","AT1G14150"
"1188","AT1G15980"
"1189","AT3G53460"
"1190","AT1G48510"
"1191","AT4G37925"
"1192","AT4G04630"
"1193","AT5G55620"
"1194","AT1G43160"
"1195","AT5G23360"
"1196","AT5G22860"
"1197","AT4G21280"
"1198","AT5G23950"
"1199","AT3G04550"
"1200","AT5G07700"
"1201","AT2G02340"
"1202","AT4G30450"
"1203","AT5G17760"
"1204","AT5G16230"
"1205","AT1G16850"
"1206","AT5G59680"
"1207","AT2G15780"
"1208","AT1G09560"
"1209","AT4G15236"
"1210","AT2G29310"
"1211","AT3G54600"
"1212","AT1G77885"
"1213","AT5G45630"
"1214","AT4G10720"
"1215","AT1G11740"
"1216","AT1G02400"
"1217","AT5G52310"
"1218","AT4G28720"
"1219","AT5G24780"
"1220","AT5G47190"
"1221","AT1G20030"
"1222","AT4G03125"
"1223","AT2G02390"
"1224","AT3G09450"
"1225","AT2G10940"
"1226","AT1G15260"
"1227","AT4G13770"
"1228","AT1G14250"
"1229","AT5G60800"
"1230","AT3G52748"
"1231","AT3G23450"
"1232","AT3G22160"
"1233","AT3G11930"
"1234","AT2G02990"
"1235","AT3G49620"
"1236","AT2G37440"
"1237","AT4G00955"
"1238","AT3G25780"
"1239","AT3G22060"
"1240","AT2G36580"
"1241","AT4G12290"
"1242","AT1G61610"
"1243","AT5G13930"
"1244","AT2G17300"
"1245","AT5G55560"
"1246","AT3G48840"
"1247","AT3G28310"
"1248","AT1G08173"
"1249","AT1G08860"
"1250","AT2G39920"
"1251","AT2G36090"
"1252","AT1G72680"
"1253","AT5G25610"
"1254","AT4G18540"
"1255","AT5G36910"
"1256","AT2G04050"
"1257","AT3G51400"
"1258","AT5G20830"
"1259","AT2G45510"
"1260","AT1G34420"
"1261","AT5G18470"
"1262","AT4G12980"
"1263","AT1G30850"
"1264","AT5G01490"
"1265","AT2G05070"
"1266","AT1G23130"
"1267","AT2G38870"
"1268","AT3G50970"
"1269","AT1G48600"
"1270","AT3G56240"
"1271","AT5G02890"
"1272","AT3G25717"
"1273","AT4G15690"
"1274","AT4G26050"
"1275","AT3G03670"
"1276","AT4G12120"
"1277","AT1G16130"
"1278","AT3G46930"
"1279","AT2G05940"
"1280","AT4G08555"
"1281","AT1G26400"
"1282","AT4G15990"
"1283","AT1G10682"
"1284","AT1G29460"
"1285","AT5G49360"
"1286","AT2G44480"
"1287","AT3G16670"
"1288","AT3G21710"
"1289","AT5G12880"
"1290","AT2G15220"
"1291","AT5G52750"
"1292","AT3G50685"
"1293","AT5G13220"
"1294","AT2G27402"
"1295","AT5G64620"
"1296","AT3G12320"
"1297","AT2G03505"
"1298","AT5G04860"
"1299","AT1G15820"
"1300","AT3G24503"
"1301","AT5G08030"
"1302","AT1G16510"
"1303","AT5G03210"
"1304","AT2G21020"
"1305","AT4G09215"
"1306","AT5G45680"
"1307","AT4G23260"
"1308","AT1G02440"
"1309","AT5G43420"
"1310","AT3G19930"
"1311","AT5G27765"
"1312","AT2G27420"
"1313","AT4G11350"
"1314","AT1G22990"
"1315","AT1G05675"
"1316","AT1G13990"
"1317","AT1G70820"
"1318","AT5G25240"
"1319","AT2G16720"
"1320","AT2G24090"
"1321","AT1G11210"
"1322","AT1G77490"
"1323","AT1G54100"
"1324","AT2G19450"
"1325","AT5G24770"
"1326","AT4G17470"
"1327","AT1G09950"
"1328","AT3G09010"
"1329","AT1G51080"
"1330","AT3G15534"
"1331","AT2G45130"
"1332","AT4G22880"
"1333","AT2G45560"
"1334","AT5G06320"
"1335","AT2G36050"
"1336","AT3G26840"
"1337","AT1G31290"
"1338","AT5G45930"
"1339","AT3G52450"
"1340","AT2G42060"
"1341","AT3G25180"
"1342","AT5G52020"
"1343","AT3G27250"
"1344","AT1G30135"
"1345","AT2G17040"
"1346","AT5G58770"
"1347","AT2G24180"
"1348","AT5G07100"
"1349","AT4G09010"
"1350","AT1G20010"
"1351","AT1G20190"
"1352","AT5G24120"
"1353","AT5G37260"
"1354","AT1G12290"
"1355","AT2G36220"
"1356","AT3G23010"
"1357","AT3G29810"
"1358","AT2G35000"
"1359","AT1G18200"
"1360","AT3G60540"
"1361","AT5G01790"
"1362","AT2G20463"
"1363","AT1G78290"
"1364","AT4G05540"
"1365","AT4G20830"
"1366","AT1G29430"
"1367","AT2G20835"
"1368","AT2G27310"
"1369","AT5G59320"
"1370","AT2G33130"
"1371","AT3G45290"
"1372","AT3G19350"
"1373","AT3G02800"
"1374","AT3G17640"
"1375","AT1G67860"
"1376","AT4G01310"
"1377","AT5G35735"
"1378","AT3G10940"
"1379","AT4G26060"
"1380","AT2G25510"
"1381","AT4G01010"
"1382","AT3G03480"
"1383","AT2G26695"
"1384","AT2G24285"
"1385","AT5G51160"
"1386","AT1G18300"
"1387","AT2G31880"
"1388","AT4G28750"
"1389","AT5G41050"
"1390","AT1G07440"
"1391","AT5G60950"
"1392","AT4G00950"
"1393","AT1G29860"
"1394","AT4G28085"
"1395","AT3G06145"
"1396","AT1G04250"
"1397","AT1G78170"
"1398","AT5G46871"
"1399","AT1G20340"
"1400","AT3G11402"
"1401","AT1G69730"
"1402","AT4G08685"
"1403","AT5G05270"
"1404","AT3G48630"
"1405","AT1G32990"
"1406","AT2G41100"
"1407","AT3G02040"
"1408","AT5G40730"
"1409","AT2G23130"
"1410","AT1G74070"
"1411","AT4G09750"
"1412","AT4G35170"
"1413","AT5G06740"
"1414","AT4G34180"
"1415","AT2G02310"
"1416","AT5G04150"
"1417","AT5G02020"
"1418","AT3G53600"
"1419","AT5G60280"
"1420","AT4G37900"
"1421","AT5G52570"
"1422","AT3G44890"
"1423","AT3G09490"
"1424","AT5G07690"
"1425","AT4G36670"
"1426","AT4G33930"
"1427","AT3G15450"
"1428","AT4G37220"
"1429","AT2G15040"
"1430","AT4G01390"
"1431","AT4G34150"
"1432","AT1G23080"
"1433","AT4G12800"
"1434","AT5G23660"
"1435","AT2G44890"
"1436","AT5G03350"
"1437","AT3G09540"
"1438","AT1G07373"
"1439","AT1G02820"
"1440","AT5G61350"
"1441","AT1G04490"
"1442","AT4G10150"
"1443","AT3G43720"
"1444","AT4G28350"
"1445","AT5G24570"
"1446","AT3G08720"
"1447","AT3G30120"
"1448","AT1G55020"
"1449","AT3G29320"
"1450","AT1G76800"
"1451","AT5G42070"
"1452","AT1G65490"
"1453","AT5G36120"
"1454","AT4G26270"
"1455","AT4G38770"
"1456","AT3G21330"
"1457","AT5G61010"
"1458","AT5G03610"
"1459","AT5G58120"
"1460","AT2G26150"
"1461","AT1G15625"
"1462","AT1G30755"
"1463","AT1G80840"
"1464","AT5G40240"
"1465","AT1G12900"
"1466","AT2G34000"
"1467","AT5G58310"
"1468","AT2G15042"
"1469","AT3G11840"
"1470","AT3G22231"
"1471","AT2G44400"
"1472","AT2G22810"
"1473","AT5G41550"
"1474","AT5G24910"
"1475","AT5G62520"
"1476","AT2G41410"
"1477","AT5G36220"
"1478","AT4G14450"
"1479","AT5G42200"
"1480","AT3G03780"
"1481","AT5G55410"
"1482","AT3G12830"
"1483","AT1G54890"
"1484","AT5G17870"
"1485","AT5G38910"
"1486","AT3G55470"
"1487","AT4G21390"
"1488","AT5G19240"
"1489","AT2G34620"
"1490","AT3G03820"
"1491","AT1G03600"
"1492","AT1G61260"
"1493","AT1G09090"
"1494","AT5G35490"
"1495","AT5G44568"
"1496","AT5G13190"
"1497","AT5G06330"
"1498","AT1G22740"
"1499","AT1G49380"
"1500","AT2G15880"
"1501","AT5G46730"
"1502","AT4G19230"
"1503","AT4G14400"
"1504","AT1G29670"
"1505","AT3G60961"
"1506","AT1G71520"
"1507","AT3G13750"
"1508","AT3G07520"
"1509","AT4G16740"
"1510","AT4G34290"
"1511","AT1G03090"
"1512","AT5G66170"
"1513","AT2G46790"
"1514","AT4G19700"
"1515","AT4G09420"
"1516","AT5G42050"
"1517","AT1G68600"
"1518","AT4G18010"
"1519","AT5G50360"
"1520","AT5G65380"
"1521","AT1G69523"
"1522","AT4G17560"
"1523","AT3G16140"
"1524","AT1G73630"
"1525","AT5G53120"
"1526","AT1G27030"
"1527","AT1G01720"
"1528","AT1G18390"
"1529","AT4G01250"
"1530","AT3G01080"
"1531","AT1G22690"
"1532","AT3G12580"
"1533","AT1G14700"
"1534","AT3G29370"
"1535","AT4G34900"
"1536","AT1G68765"
"1537","AT1G65310"
"1538","AT5G57170"
"1539","AT1G09540"
"1540","AT1G23550"
"1541","AT3G13080"
"1542","AT2G38140"
"1543","AT3G14280"
"1544","AT5G63680"
"1545","AT2G40750"
"1546","AT5G59000"
"1547","AT1G11190"
"1548","AT4G02530"
"1549","AT1G64510"
"1550","AT2G35070"
"1551","AT1G67750"
"1552","AT5G23980"
"1553","AT4G15700"
"1554","AT1G18265"
"1555","AT3G50560"
"1556","AT5G01250"
"1557","AT3G63010"
"1558","AT1G18890"
"1559","AT1G19200"
"1560","AT1G61360"
"1561","AT4G30640"
"1562","AT3G14210"
"1563","AT4G12690"
"1564","AT1G03020"
"1565","AT1G78820"
"1566","AT3G02020"
"1567","AT1G04240"
"1568","AT2G23910"
"1569","AT5G10170"
"1570","AT5G26570"
"1571","AT3G54950"
"1572","AT4G03480"
"1573","AT5G25460"
"1574","AT5G65730"
"1575","AT1G70810"
"1576","AT1G72120"
"1577","AT1G17650"
"1578","AT4G04960"
"1579","AT2G09960"
"1580","AT1G78830"
"1581","AT5G04230"
"1582","AT1G69750"
"1583","AT1G64500"
"1584","AT2G42560"
"1585","AT3G09405"
"1586","AT1G68238"
"1587","AT2G29720"
"1588","AT4G13500"
"1589","AT1G23205"
"1590","AT2G30570"
"1591","AT3G01960"
"1592","AT3G63140"
"1593","AT3G08870"
"1594","AT1G32270"
"1595","AT4G39770"
"1596","AT2G43030"
"1597","AT3G25920"
"1598","AT5G59670"
"1599","AT4G06746"
"1600","AT5G53970"
"1601","AT1G69610"
"1602","AT4G01430"
"1603","AT3G13910"
"1604","AT1G67870"
"1605","AT4G34760"
"1606","AT5G07760"
"1607","AT5G04190"
"1608","AT5G27600"
"1609","AT3G50470"
"1610","AT1G51420"
"1611","AT5G25110"
"1612","AT1G09240"
"1613","AT4G38830"
"1614","AT1G30420"
"1615","AT4G01910"
"1616","AT5G21920"
"1617","AT1G13880"
"1618","AT3G46780"
"1619","AT1G52510"
"1620","AT1G72240"
"1621","AT5G63310"
"1622","AT5G54585"
"1623","AT1G24575"
"1624","AT5G45340"
"1625","AT5G20935"
"1626","AT1G27950"
"1627","AT3G49260"
"1628","AT1G54040"
"1629","AT1G20310"
"1630","AT5G59570"
"1631","AT5G24240"
"1632","AT4G12880"
"1633","AT1G65390"
"1634","AT1G68450"
"1635","AT1G69200"
"1636","AT3G03630"
"1637","AT4G27450"
"1638","AT1G27980"
"1639","AT5G24314"
"1640","AT4G02330"
"1641","AT3G52430"
"1642","AT2G29170"
"1643","AT5G61250"
"1644","AT5G46690"
"1645","AT5G16170"
"1646","AT5G47610"
"1647","AT5G54840"
"1648","AT5G67390"
"1649","AT1G67265"
"1650","AT4G21760"
"1651","AT5G44020"
"1652","AT1G49210"
"1653","AT3G48520"
"1654","AT1G52800"
"1655","AT3G11630"
"1656","AT2G47770"
"1657","AT5G13490"
"1658","AT2G28210"
"1659","AT4G26990"
"1660","AT5G61210"
"1661","AT1G60130"
"1662","AT3G47650"
"1663","AT5G59310"
"1664","AT5G05460"
"1665","AT5G25840"
"1666","AT3G13120"
"1667","AT2G20880"
"1668","AT1G25460"
"1669","AT1G64170"
"1670","AT2G30250"
"1671","AT3G22235"
"1672","AT5G41740"
"1673","AT1G20020"
"1674","AT5G65390"
"1675","AT1G11100"
"1676","AT4G23170"
"1677","AT4G37770"
"1678","AT1G60950"
"1679","AT1G10585"
"1680","AT1G64610"
"1681","AT5G48900"
"1682","AT3G58120"
"1683","AT4G13280"
"1684","AT5G38310"
"1685","AT5G35480"
"1686","AT1G71695"
"1687","AT4G37030"
"1688","AT1G21670"
"1689","AT4G23400"
"1690","AT1G53520"
"1691","AT1G24147"
"1692","AT4G33490"
"1693","AT4G16146"
"1694","AT1G30370"
"1695","AT2G26390"
"1696","AT1G25422"
"1697","AT1G52220"
"1698","AT1G11260"
"1699","AT1G68590"
"1700","AT4G25640"
"1701","AT5G41280"
"1702","AT4G28790"
"1703","AT4G08300"
"1704","AT3G11640"
"1705","AT2G23000"
"1706","AT2G30766"
"1707","AT3G06750"
"1708","AT5G24870"
"1709","AT5G28080"
"1710","AT3G54500"
"1711","AT2G35910"
"1712","AT2G25625"
"1713","AT5G55220"
"1714","AT2G15090"
"1715","AT5G13170"
"1716","AT2G33110"
"1717","AT2G39470"
"1718","AT2G20260"
"1719","AT5G11070"
"1720","AT2G01530"
"1721","AT2G20750"
"1722","AT1G78450"
"1723","AT1G18970"
"1724","AT4G18360"
"1725","AT1G11860"
"1726","AT3G19680"
"1727","AT1G15385"
"1728","AT1G25400"
"1729","AT2G34430"
"1730","AT5G08760"
"1731","AT3G51890"
"1732","AT1G19960"
"1733","AT5G11590"
"1734","AT2G24762"
"1735","AT4G16600"
"1736","AT5G05190"
"1737","AT2G46820"
"1738","AT2G35370"
"1739","AT4G30910"
"1740","AT1G36620"
"1741","AT3G54960"
"1742","AT1G49975"
"1743","AT3G55330"
"1744","AT1G61550"
"1745","AT3G61185"
"1746","AT2G29940"
"1747","AT4G29230"
"1748","AT5G46600"
"1749","AT1G54780"
"1750","AT1G64390"
"1751","AT2G44040"
"1752","AT5G48290"
"1753","AT2G22170"
"1754","AT2G21188"
"1755","AT1G50180"
"1756","AT2G28755"
"1757","AT3G15570"
"1758","AT4G22920"
"1759","AT1G56600"
"1760","AT3G14060"
"1761","AT5G05145"
"1762","AT1G35680"
"1763","AT1G65240"
"1764","AT4G38850"
"1765","AT4G34390"
"1766","AT1G06680"
"1767","AT5G07770"
"1768","AT1G65230"
"1769","AT5G24655"
"1770","AT1G49900"
"1771","AT5G25810"
"1772","AT1G65860"
"1773","AT5G50950"
"1774","AT2G13790"
"1775","AT5G04930"
"1776","AT2G18050"
"1777","AT5G66740"
"1778","AT3G08920"
"1779","AT1G77510"
"1780","AT3G20820"
"1781","AT2G26310"
"1782","AT4G38540"
"1783","AT1G16400"
"1784","AT5G05410"
"1785","AT4G15233"
"1786","AT4G39955"
"1787","AT1G77500"
"1788","AT2G17710"
"1789","AT5G01600"
"1790","AT2G46620"
"1791","AT1G09970"
"1792","AT2G36780"
"1793","AT1G21440"
"1794","AT1G14280"
"1795","AT5G02540"
"1796","AT1G09740"
"1797","AT1G22930"
"1798","AT1G22470"
"1799","AT5G48780"
"1800","AT2G38470"
"1801","AT2G17630"
"1802","AT1G77960"
"1803","AT1G24150"
"1804","AT5G12250"
"1805","AT2G29300"
"1806","AT1G32860"
"1807","AT3G11150"
"1808","AT1G62480"
"1809","AT3G15190"
"1810","AT5G22920"
"1811","AT2G26580"
"1812","AT5G42530"
"1813","AT4G39580"
"1814","AT4G17600"
"1815","AT2G44500"
"1816","AT3G26290"
"1817","AT3G10500"
"1818","AT2G06520"
"1819","AT1G02390"
"1820","AT1G69160"
"1821","AT3G55800"
"1822","AT4G09040"
"1823","AT1G28050"
"1824","AT1G59840"
"1825","AT4G12730"
"1826","AT3G61450"
"1827","AT5G14740"
"1828","AT2G40530"
"1829","AT5G59350"
"1830","AT1G69900"
"1831","AT1G11925"
"1832","AT4G26370"
"1833","AT2G32200"
"1834","AT3G48720"
"1835","AT2G04135"
"1836","AT5G14910"
"1837","AT1G69520"
"1838","AT1G74890"
"1839","AT2G32130"
"1840","AT3G22740"
"1841","AT1G26230"
"1842","AT3G21700"
"1843","AT2G16660"
"1844","AT4G21380"
"1845","AT2G33450"
"1846","AT5G23350"
"1847","AT5G47120"
"1848","AT1G50750"
"1849","AT5G05580"
"1850","AT4G18570"
"1851","AT1G10370"
"1852","AT3G56290"
"1853","AT2G33330"
"1854","AT2G15480"
"1855","AT1G12160"
"1856","AT1G64355"
"1857","AT5G54300"
"1858","AT5G61260"
"1859","AT3G52180"
"1860","AT4G25260"
"1861","AT1G47880"
"1862","AT4G37310"
"1863","AT4G23885"
"1864","AT3G03150"
"1865","AT1G61795"
"1866","AT3G21560"
"1867","AT2G36145"
"1868","AT5G09876"
"1869","AT4G31240"
"1870","AT5G66590"
"1871","AT5G16910"
"1872","AT5G48530"
"1873","AT4G18340"
"1874","AT1G56720"
"1875","AT5G18080"
"1876","AT3G12230"
"1877","AT1G65481"
"1878","AT4G14746"
"1879","AT3G60290"
"1880","AT5G65160"
"1881","AT1G48210"
"1882","AT1G72950"
"1883","AT5G61440"
"1884","AT4G39970"
"1885","AT1G25230"
"1886","AT5G25770"
"1887","AT2G02350"
"1888","AT1G04980"
"1889","AT3G11580"
"1890","AT5G41900"
"1891","AT1G65060"
"1892","AT2G25470"
"1893","AT3G56170"
"1894","AT4G27654"
"1895","AT2G46690"
"1896","AT2G23010"
"1897","AT2G23320"
"1898","AT1G50280"
"1899","AT1G52140"
"1900","AT2G03550"
"1901","AT4G01150"
"1902","AT3G15310"
"1903","AT4G11320"
"1904","AT4G00360"
"1905","AT5G62620"
"1906","AT4G34550"
"1907","AT3G14470"
"1908","AT1G68500"
"1909","AT1G79245"
"1910","AT2G44390"
"1911","AT4G38840"
"1912","AT5G52050"
"1913","AT5G51545"
"1914","AT1G55490"
"1915","AT5G16240"
"1916","AT1G69440"
"1917","AT3G16370"
"1918","AT2G02330"
"1919","AT1G32550"
"1920","AT1G69970"
"1921","AT1G61380"
"1922","AT2G24165"
"1923","AT2G43580"
"1924","AT4G01895"
"1925","AT4G35100"
"1926","AT4G32860"
"1927","AT3G11120"
"1928","AT5G20790"
"1929","AT2G18000"
"1930","AT1G76430"
"1931","AT1G77660"
"1932","AT3G08940"
"1933","AT1G07180"
"1934","AT3G13277"
"1935","AT1G07320"
"1936","AT2G28605"
"1937","AT4G30660"
"1938","AT3G49370"
"1939","AT3G28340"
"1940","AT3G22560"
"1941","AT2G21510"
"1942","AT2G39110"
"1943","AT3G50910"
"1944","AT3G53980"
"1945","AT3G51660"
"1946","AT2G44740"
"1947","AT5G22580"
"1948","AT5G51570"
"1949","AT3G18050"
"1950","AT1G31173"
"1951","AT1G52190"
"1952","AT1G06520"
"1953","AT3G27160"
"1954","AT4G36640"
"1955","AT4G17460"
"1956","AT1G49470"
"1957","AT1G01120"
"1958","AT5G03395"
"1959","AT1G70220"
"1960","AT4G06120"
"1961","AT1G29070"
"1962","AT5G41761"
"1963","AT1G75690"
"1964","AT5G06870"
"1965","AT1G72900"
"1966","AT5G65690"
"1967","AT3G19010"
"1968","AT5G35777"
"1969","AT3G42800"
"1970","AT1G33040"
"1971","AT5G55570"
"1972","AT1G55910"
"1973","AT1G08890"
"1974","AT4G23450"
"1975","AT2G05100"
"1976","AT2G24740"
"1977","AT1G29530"
"1978","AT4G15680"
"1979","AT5G23240"
"1980","AT1G62770"
"1981","AT2G20030"
"1982","AT2G22230"
"1983","AT3G21890"
"1984","AT4G31380"
"1985","AT2G28570"
"1986","AT2G04190"
"1987","AT1G05190"
"1988","AT1G44575"
"1989","AT4G23030"
"1990","AT2G14880"
"1991","AT4G38340"
"1992","AT3G29240"
"1993","AT5G05730"
"1994","AT1G14370"
"1995","AT4G37060"
"1996","AT4G13840"
"1997","AT5G09470"
"1998","AT1G18710"
"1999","AT1G51760"
"2000","AT3G03830"
"2001","AT3G49580"
"2002","AT3G55950"
"2003","AT2G33710"
"2004","AT1G44350"
"2005","AT1G03290"
"2006","AT2G04515"
"2007","AT4G16008"
"2008","AT5G49170"
"2009","AT2G22980"
"2010","AT1G76100"
"2011","AT3G02610"
"2012","AT1G49050"
"2013","AT3G52750"
"2014","AT1G60740"
"2015","AT3G61870"
"2016","AT2G15960"
"2017","AT1G07000"
"2018","AT5G12950"
"2019","AT1G60600"
"2020","AT1G63410"
"2021","AT3G14225"
"2022","AT1G55370"
"2023","AT3G11000"
"2024","AT1G35180"
"2025","AT1G64660"
"2026","AT5G54470"
"2027","AT5G14920"
"2028","AT4G09650"
"2029","AT1G56145"
"2030","AT3G28315"
"2031","AT3G56400"
"2032","AT4G39800"
"2033","AT5G54510"
"2034","AT3G11110"
"2035","AT5G22880"
"2036","AT3G14330"
"2037","AT2G00570"
"2038","AT5G54230"
"2039","AT5G17220"
"2040","AT5G57030"
"2041","AT3G62750"
"2042","AT1G66430"
"2043","AT4G01925"
"2044","AT4G19840"
"2045","AT4G36110"
"2046","AT1G55360"
"2047","AT3G25020"
"2048","AT4G13250"
"2049","AT5G64380"
"2050","AT2G01540"
"2051","AT4G34710"
"2052","AT3G46320"
"2053","AT4G39360"
"2054","AT5G52780"
"2055","AT5G56600"
"2056","AT3G12610"
"2057","AT2G39050"
"2058","AT5G16960"
"2059","AT2G43290"
"2060","AT5G18010"
"2061","AT5G28630"
"2062","AT3G27170"
"2063","AT3G55940"
"2064","AT4G09500"
"2065","AT4G04830"
"2066","AT5G05965"
"2067","AT1G48350"
"2068","AT1G04500"
"2069","AT3G16240"
"2070","AT3G26590"
"2071","AT3G50900"
"2072","AT3G45620"
"2073","AT4G33300"
"2074","AT1G17420"
"2075","AT2G37380"
"2076","AT5G55730"
"2077","AT5G64990"
"2078","AT2G23100"
"2079","AT1G73870"
"2080","AT1G68380"
"2081","AT5G13205"
"2082","AT5G62670"
"2083","AT4G28490"
"2084","AT2G42220"
"2085","AT5G59970"
"2086","AT1G53160"
"2087","AT2G32870"
"2088","AT3G21950"
"2089","AT5G19110"
"2090","AT4G10320"
"2091","AT2G01670"
"2092","AT1G70985"
"2093","AT3G57020"
"2094","AT1G69840"
"2095","AT5G09660"
"2096","AT2G32160"
"2097","AT1G74090"
"2098","AT1G23140"
"2099","AT3G06035"
"2100","AT4G37930"
"2101","AT4G17770"
"2102","AT1G18360"
"2103","AT3G10840"
"2104","AT3G61890"
"2105","AT1G48605"
"2106","AT4G19645"
"2107","AT4G33540"
"2108","AT3G54050"
"2109","AT3G17800"
"2110","AT1G73220"
"2111","AT4G36220"
"2112","AT1G03790"
"2113","AT1G10760"
"2114","AT4G38690"
"2115","AT1G02660"
"2116","AT1G67700"
"2117","AT1G09340"
"2118","AT2G31790"
"2119","AT2G43920"
"2120","AT5G40000"
"2121","AT1G21400"
"2122","AT5G24810"
"2123","AT3G18000"
"2124","AT2G34170"
"2125","AT2G20150"
"2126","AT5G59390"
"2127","AT4G28050"
"2128","AT5G44820"
"2129","AT4G34650"
"2130","AT1G12845"
"2131","AT1G10220"
"2132","AT3G49670"
"2133","AT1G16950"
"2134","AT1G07450"
"2135","AT4G30460"
"2136","AT2G38540"
"2137","AT2G02810"
"2138","AT3G57550"
"2139","AT2G22200"
"2140","AT4G12030"
"2141","AT5G48380"
"2142","AT2G32800"
"2143","AT1G68530"
"2144","AT5G67300"
"2145","AT1G64060"
"2146","AT5G65220"
"2147","AT3G10450"
"2148","AT2G47560"
"2149","AT3G06655"
"2150","AT4G28250"
"2151","AT3G17690"
"2152","AT4G25350"
"2153","AT3G45160"
"2154","AT5G23000"
"2155","AT3G59880"
"2156","AT3G01900"
"2157","AT5G56970"
"2158","AT1G74970"
"2159","AT4G17500"
"2160","AT4G39795"
"2161","AT2G28760"
"2162","AT4G23470"
"2163","AT2G30660"
"2164","AT4G09300"
"2165","AT4G23870"
"2166","AT5G02120"
"2167","AT1G31330"
"2168","AT3G63190"
"2169","AT4G28660"
"2170","AT4G29520"
"2171","AT3G16410"
"2172","AT2G35290"
"2173","AT1G33720"
"2174","AT1G12420"
"2175","AT2G23810"
"2176","AT4G36648"
"2177","AT3G12930"
"2178","AT4G22530"
"2179","AT1G32049"
"2180","AT2G24395"
"2181","AT3G09830"
"2182","AT2G38120"
"2183","AT4G38400"
"2184","AT1G08320"
"2185","AT5G54860"
"2186","AT5G39240"
"2187","AT3G61760"
"2188","AT3G05625"
"2189","AT4G13180"
"2190","AT5G54770"
"2191","AT4G09020"
"2192","AT3G13432"
"2193","AT4G12720"
"2194","AT4G13570"
"2195","AT5G64530"
"2196","AT2G15970"
"2197","AT3G05255"
"2198","AT1G55140"
"2199","AT5G16080"
"2200","AT3G55700"
"2201","AT1G69890"
"2202","AT5G46220"
"2203","AT5G03130"
"2204","AT2G26870"
"2205","AT3G15440"
"2206","AT1G50745"
"2207","AT5G63450"
"2208","AT1G33940"
"2209","AT3G55910"
"2210","AT4G01540"
"2211","AT2G43560"
"2212","AT4G33467"
"2213","AT4G00400"
"2214","AT1G67590"
"2215","AT5G04720"
"2216","AT1G29910"
"2217","AT3G23805"
"2218","AT5G48850"
"2219","AT1G49320"
"2220","AT1G10522"
"2221","AT1G62560"
"2222","AT5G19875"
"2223","AT3G27210"
"2224","AT1G15800"
"2225","AT5G07165"
"2226","AT5G23820"
"2227","AT2G31380"
"2228","AT1G60590"
"2229","AT4G15550"
"2230","AT5G48430"
"2231","AT1G70560"
"2232","AT5G66530"
"2233","AT1G76610"
"2234","AT4G21920"
"2235","AT2G06925"
"2236","AT3G20440"
"2237","AT3G13450"
"2238","AT4G36410"
"2239","AT4G02790"
"2240","AT1G32170"
"2241","AT3G18260"
"2242","AT2G39350"
"2243","AT3G50200"
"2244","AT3G54810"
"2245","AT1G64065"
"2246","AT3G45060"
"2247","AT3G56330"
"2248","AT3G09020"
"2249","AT1G10155"
"2250","AT4G36540"
"2251","AT3G28270"
"2252","AT5G24155"
"2253","AT1G30040"
"2254","AT2G23690"
"2255","AT1G18870"
"2256","AT5G55170"
"2257","AT5G08790"
"2258","AT3G57520"
"2259","AT5G35920"
"2260","AT1G63030"
"2261","AT4G04560"
"2262","AT1G06983"
"2263","AT3G62070"
"2264","AT2G43140"
"2265","AT3G62460"
"2266","AT2G21330"
"2267","AT1G20180"
"2268","AT2G41190"
"2269","AT2G46110"
"2270","AT4G02770"
"2271","AT2G37640"
"2272","AT3G15720"
"2273","AT1G49720"
"2274","AT4G08780"
"2275","AT4G02850"
"2276","AT5G14320"
"2277","AT5G49730"
"2278","AT5G19260"
"2279","AT4G27260"
"2280","AT2G32990"
"2281","AT5G16000"
"2282","AT5G01850"
"2283","AT3G13310"
"2284","AT5G15830"
"2285","AT3G62455"
"2286","AT5G26260"
"2287","AT3G61470"
"2288","AT1G64680"
"2289","AT4G21620"
"2290","AT4G11000"
"2291","AT1G61890"
"2292","AT4G16870"
"2293","AT1G34750"
"2294","AT5G47960"
"2295","AT5G10390"
"2296","AT5G20480"
"2297","AT5G01740"
"2298","AT5G48460"
"2299","AT1G12950"
"2300","AT3G52820"
"2301","AT3G02410"
"2302","AT3G23810"
"2303","AT1G05540"
"2304","AT1G33560"
"2305","AT1G18810"
"2306","AT1G29300"
"2307","AT4G26540"
"2308","AT1G61370"
"2309","AT4G23820"
"2310","AT1G17200"
"2311","AT5G14760"
"2312","AT1G52040"
"2313","AT5G44530"
"2314","AT4G25080"
"2315","AT5G55280"
"2316","AT1G09505"
"2317","AT5G17390"
"2318","AT3G17170"
"2319","AT1G72220"
"2320","AT5G52940"
"2321","AT1G05570"
"2322","AT5G54060"
"2323","AT4G00960"
"2324","AT4G24770"
"2325","AT3G12740"
"2326","AT2G36390"
"2327","AT1G52565"
"2328","AT3G59350"
"2329","AT5G54130"
"2330","AT5G35740"
"2331","AT1G01453"
"2332","AT1G60190"
"2333","AT4G22470"
"2334","AT5G36925"
"2335","AT1G12080"
"2336","AT5G63180"
"2337","AT4G01080"
"2338","AT1G67650"
"2339","AT5G39610"
"2340","AT1G72890"
"2341","AT2G45190"
"2342","AT1G22180"
"2343","AT2G44383"
"2344","AT1G61520"
"2345","AT5G25190"
"2346","AT1G79400"
"2347","AT5G47440"
"2348","AT3G43850"
"2349","AT4G30020"
"2350","AT3G18280"
"2351","AT3G15520"
"2352","AT5G42800"
"2353","AT5G42020"
"2354","AT5G07650"
"2355","AT3G56790"
"2356","AT2G35710"
"2357","AT3G56090"
"2358","AT3G62030"
"2359","AT4G10340"
"2360","AT3G23510"
"2361","AT4G04840"
"2362","AT2G31990"
"2363","AT3G25190"
"2364","AT1G45201"
"2365","AT1G61810"
"2366","AT4G13800"
"2367","AT5G63990"
"2368","AT1G19050"
"2369","AT1G73330"
"2370","AT4G39510"
"2371","AT3G44720"
"2372","AT3G48310"
"2373","AT3G23240"
"2374","AT1G61480"
"2375","AT5G59080"
"2376","AT5G51810"
"2377","AT3G26960"
"2378","AT1G58270"
"2379","AT5G26030"
"2380","AT5G18310"
"2381","AT3G05980"
"2382","AT5G61560"
"2383","AT4G39070"
"2384","AT5G17700"
"2385","AT3G17830"
"2386","AT4G13493"
"2387","AT3G06420"
"2388","AT5G24030"
"2389","AT2G22190"
"2390","AT4G12420"
"2391","AT4G14103"
"2392","AT3G44860"
"2393","AT5G06980"
"2394","AT2G01918"
"2395","AT3G51510"
"2396","AT1G15830"
"2397","AT2G35658"
"2398","AT2G28400"
"2399","AT4G14610"
"2400","AT3G48350"
"2401","AT5G40160"
"2402","AT2G36885"
"2403","AT3G18560"
"2404","AT5G51070"
"2405","AT1G68780"
"2406","AT1G55260"
"2407","AT5G07020"
"2408","AT1G10410"
"2409","AT3G59480"
"2410","AT5G35732"
"2411","AT3G20660"
"2412","AT1G26761"
"2413","AT3G60450"
"2414","AT3G05890"
"2415","AT4G34560"
"2416","AT1G21360"
"2417","AT1G50740"
"2418","AT3G59250"
"2419","AT3G07255"
"2420","AT5G20400"
"2421","AT4G15930"
"2422","AT1G07040"
"2423","AT5G24490"
"2424","AT1G02850"
"2425","AT3G52150"
"2426","AT5G39410"
"2427","AT2G06850"
"2428","AT5G13730"
"2429","AT3G10060"
"2430","AT2G43740"
"2431","AT1G61250"
"2432","AT4G32920"
"2433","AT2G09225"
"2434","AT5G53880"
"2435","AT5G55740"
"2436","AT1G51940"
"2437","AT5G57655"
"2438","AT3G54640"
"2439","AT1G14330"
"2440","AT1G27480"
"2441","AT4G31820"
"2442","AT1G64405"
"2443","AT2G03750"
"2444","AT2G28630"
"2445","AT2G18890"
"2446","AT5G62840"
"2447","AT2G32660"
"2448","AT1G64070"
"2449","AT2G47180"
"2450","AT4G25380"
"2451","AT1G28100"
"2452","AT2G43620"
"2453","AT4G39890"
"2454","AT2G17220"
"2455","AT2G19710"
"2456","AT1G35515"
"2457","AT5G01075"
"2458","AT5G45110"
"2459","AT3G03440"
"2460","AT2G11810"
"2461","AT3G08660"
"2462","AT1G70440"
"2463","AT1G15580"
"2464","AT4G14870"
"2465","AT3G13740"
"2466","AT5G11260"
"2467","AT5G65300"
"2468","AT2G05510"
"2469","AT3G09440"
"2470","AT2G32030"
"2471","AT4G14740"
"2472","AT1G79040"
"2473","AT2G29550"
"2474","AT3G45230"
"2475","AT2G42170"
"2476","AT5G03630"
"2477","AT3G21670"
"2478","AT2G22760"
"2479","AT5G28830"
"2480","AT4G18910"
"2481","AT5G54190"
"2482","AT4G33920"
"2483","AT5G66620"
"2484","AT4G12090"
"2485","AT3G05650"
"2486","AT4G02660"
"2487","AT1G78995"
"2488","AT5G45040"
"2489","AT1G58561"
"2490","AT3G18080"
"2491","AT1G06030"
"2492","AT2G24600"
"2493","AT3G46490"
"2494","AT1G20823"
"2495","AT3G48460"
"2496","AT4G12320"
"2497","AT4G18980"
"2498","AT1G15550"
"2499","AT4G16590"
"2500","AT3G16565"
"2501","AT3G46880"
"2502","AT5G66570"
"2503","AT1G68320"
"2504","AT2G35300"
"2505","AT4G19975"
"2506","AT1G15125"
"2507","AT3G55450"
"2508","AT2G17720"
"2509","AT4G11850"
"2510","AT5G50915"
"2511","AT2G47590"
"2512","AT4G08290"
"2513","AT5G08330"
"2514","AT3G09035"
"2515","AT3G54400"
"2516","AT5G04950"
"2517","AT5G40510"
"2518","AT4G19530"
"2519","AT5G54270"
"2520","AT5G21960"
"2521","AT1G30100"
"2522","AT1G33170"
"2523","AT5G52910"
"2524","AT4G19120"
"2525","AT1G21500"
"2526","AT5G53490"
"2527","AT1G09070"
"2528","AT1G17830"
"2529","AT2G00340"
"2530","AT3G20250"
"2531","AT5G66110"
"2532","AT1G06570"
"2533","AT1G29230"
"2534","AT1G19380"
"2535","AT3G02140"
"2536","AT3G02240"
"2537","AT3G17110"
"2538","AT2G31840"
"2539","AT3G54890"
"2540","AT3G53420"
"2541","AT5G04080"
"2542","AT5G58600"
"2543","AT3G05660"
"2544","AT1G11380"
"2545","AT2G31420"
"2546","AT1G52830"
"2547","AT4G02360"
"2548","AT1G30840"
"2549","AT5G14470"
"2550","AT3G52840"
"2551","AT5G47130"
"2552","AT3G52960"
"2553","AT1G28370"
"2554","AT1G10417"
"2555","AT2G47940"
"2556","AT5G50740"
"2557","AT2G25735"
"2558","AT3G23110"
"2559","AT1G55610"
"2560","AT3G25770"
"2561","AT3G46770"
"2562","AT1G73830"
"2563","AT1G02520"
"2564","AT5G66400"
"2565","AT5G05740"
"2566","AT4G23130"
"2567","AT1G63590"
"2568","AT4G18970"
"2569","AT5G56980"
"2570","AT1G14260"
"2571","AT3G05360"
"2572","AT3G19660"
"2573","AT1G07367"
"2574","AT3G27830"
"2575","AT5G11520"
"2576","AT4G11480"
"2577","AT2G36120"
"2578","AT1G75900"
"2579","AT5G06270"
"2580","AT5G11930"
"2581","AT1G76410"
"2582","AT5G38212"
"2583","AT5G07460"
"2584","AT4G29905"
"2585","AT1G51090"
"2586","AT4G15670"
"2587","AT5G51630"
"2588","AT2G33800"
"2589","AT1G01080"
"2590","AT3G17810"
"2591","AT1G09400"
"2592","AT4G09890"
"2593","AT2G45210"
"2594","AT4G04745"
"2595","AT5G55250"
"2596","AT1G79440"
"2597","AT4G28140"
"2598","AT3G17420"
"2599","AT1G76090"
"2600","AT3G50820"
"2601","AT5G47330"
"2602","AT2G34610"
"2603","AT2G22450"
"2604","AT5G61380"
"2605","AT3G06680"
"2606","AT5G25210"
"2607","AT2G02950"
"2608","AT4G00180"
"2609","AT4G24750"
"2610","AT1G72130"
"2611","AT5G48570"
"2612","AT1G04770"
"2613","AT4G01410"
"2614","AT1G72770"
"2615","AT4G38160"
"2616","AT5G01590"
"2617","AT2G47440"
"2618","AT1G67090"
"2619","AT3G15356"
"2620","AT1G56050"
"2621","AT5G11670"
"2622","AT1G11070"
"2623","AT5G42440"
"2624","AT4G05685"
"2625","AT4G11370"
"2626","AT4G29080"
"2627","AT5G10400"
"2628","AT1G25320"
"2629","AT5G11110"
"2630","AT5G02100"
"2631","AT2G25080"
"2632","AT2G24240"
"2633","AT5G24206"
"2634","AT2G40470"
"2635","AT3G23880"
"2636","AT2G44840"
"2637","AT1G07890"
"2638","AT1G76240"
"2639","AT3G29590"
"2640","AT5G38520"
"2641","AT4G22590"
"2642","AT4G24700"
"2643","AT3G05500"
"2644","AT2G44640"
"2645","AT5G01610"
"2646","AT2G38490"
"2647","AT5G23060"
"2648","AT5G45070"
"2649","AT3G23920"
"2650","AT5G65360"
"2651","AT5G51820"
"2652","AT3G14770"
"2653","AT5G44410"
"2654","AT2G39705"
"2655","AT3G54090"
"2656","AT4G22890"
"2657","AT3G60390"
"2658","AT1G69530"
"2659","AT1G69830"
"2660","AT5G08990"
"2661","AT5G46520"
"2662","AT4G34620"
"2663","AT5G14410"
"2664","AT5G57910"
"2665","AT3G22540"
"2666","AT5G54710"
"2667","AT1G52750"
"2668","AT1G10050"
"2669","AT1G02620"
"2670","AT1G29440"
"2671","AT1G14345"
"2672","AT3G19580"
"2673","AT3G52370"
"2674","AT5G01820"
"2675","AT4G11470"
"2676","AT5G14640"
"2677","AT1G04180"
"2678","AT5G18690"
"2679","AT3G22930"
"2680","AT5G64190"
"2681","AT2G26410"
"2682","AT2G26900"
"2683","AT1G54820"
"2684","AT3G12780"
"2685","AT1G03130"
"2686","AT1G17700"
"2687","AT1G67850"
"2688","AT5G61820"
"2689","AT1G48100"
"2690","AT5G61590"
"2691","AT1G11545"
"2692","AT2G16990"
"2693","AT3G55880"
"2694","AT1G74880"
"2695","AT5G12420"
"2696","AT2G20724"
"2697","AT2G31360"
"2698","AT5G50335"
"2699","AT5G05220"
"2700","AT1G74210"
"2701","AT1G60680"
"2702","AT2G44280"
"2703","AT3G13470"
"2704","AT3G18110"
"2705","AT1G23560"
"2706","AT5G19730"
"2707","AT5G03435"
"2708","AT2G35500"
"2709","AT3G45120"
"2710","AT2G27130"
"2711","AT2G39660"
"2712","AT5G65800"
"2713","AT5G39530"
"2714","AT1G64770"
"2715","AT2G43530"
"2716","AT2G05790"
"2717","AT5G39785"
"2718","AT2G46440"
"2719","AT5G09175"
"2720","AT1G09440"
"2721","AT5G46295"
"2722","AT5G27350"
"2723","AT5G53370"
"2724","AT1G67740"
"2725","AT4G12735"
"2726","AT4G31050"
"2727","AT1G30110"
"2728","AT5G02400"
"2729","AT4G02650"
"2730","AT5G46700"
"2731","AT1G02380"
"2732","AT4G38580"
"2733","AT1G12320"
"2734","AT3G62410"
"2735","AT5G23750"
"2736","AT1G20630"
"2737","AT3G50280"
"2738","AT2G21540"
"2739","AT1G79075"
"2740","AT2G30695"
"2741","AT2G43730"
"2742","AT1G02340"
"2743","AT2G44920"
"2744","AT1G23850"
"2745","AT3G13276"
"2746","AT3G62820"
"2747","AT2G34810"
"2748","AT3G15680"
"2749","AT4G33625"
"2750","AT5G11150"
"2751","AT5G05440"
"2752","AT1G06460"
"2753","AT3G06020"
"2754","AT1G13920"
"2755","AT2G29620"
"2756","AT4G26890"
"2757","AT1G71910"
"2758","AT3G22275"
"2759","AT5G17350"
"2760","AT2G22500"
"2761","AT3G57100"
"2762","AT5G47240"
"2763","AT5G61600"
"2764","AT2G34640"
"2765","AT5G37840"
"2766","AT1G64563"
"2767","AT4G24040"
"2768","AT3G16990"
"2769","AT2G21530"
"2770","AT1G34060"
"2771","AT4G30620"
"2772","AT2G43535"
"2773","AT5G18130"
"2774","AT2G38690"
"2775","AT5G40950"
"2776","AT5G63970"
"2777","AT4G04410"
"2778","AT4G03210"
"2779","AT3G11020"
"2780","AT3G16460"
"2781","AT1G75490"
"2782","AT2G28000"
"2783","AT4G27480"
"2784","AT4G16960"
"2785","AT1G70670"
"2786","AT5G28910"
"2787","AT2G43320"
"2788","AT1G16150"
"2789","AT4G32480"
"2790","AT2G29070"
"2791","AT5G67070"
"2792","AT1G09176"
"2793","AT2G36080"
"2794","AT1G62570"
"2795","AT3G14560"
"2796","AT3G48180"
"2797","AT3G57270"
"2798","AT3G11430"
"2799","AT5G24660"
"2800","AT2G19780"
"2801","AT1G79270"
"2802","AT1G09420"
"2803","AT3G18890"
"2804","AT2G41260"
"2805","AT5G64870"
"2806","AT1G48370"
"2807","AT5G59870"
"2808","AT2G17130"
"2809","AT4G05590"
"2810","AT1G05850"
"2811","AT2G18950"
"2812","AT1G17710"
"2813","AT1G53070"
"2814","AT1G07135"
"2815","AT4G17720"
"2816","AT3G52170"
"2817","AT2G32500"
"2818","AT2G37220"
"2819","AT1G69410"
"2820","AT1G59990"
"2821","AT1G67800"
"2822","AT3G45040"
"2823","AT4G01130"
"2824","AT3G55430"
"2825","AT1G33110"
"2826","AT1G55670"
"2827","AT3G55420"
"2828","AT2G21550"
"2829","AT4G13577"
"2830","AT3G49680"
"2831","AT4G04293"
"2832","AT5G47910"
"2833","AT3G61080"
"2834","AT4G24670"
"2835","AT1G04107"
"2836","AT4G30800"
"2837","AT4G08870"
"2838","AT5G54500"
"2839","AT4G25890"
"2840","AT3G19480"
"2841","AT1G64150"
"2842","AT5G06790"
"2843","AT4G36040"
"2844","AT5G05305"
"2845","AT4G25630"
"2846","AT1G30250"
"2847","AT1G77120"
"2848","AT4G30490"
"2849","AT1G03310"
"2850","AT4G35500"
"2851","AT4G38740"
"2852","AT1G55960"
"2853","AT1G35210"
"2854","AT5G06750"
"2855","AT2G32560"
"2856","AT2G17290"
"2857","AT2G46710"
"2858","AT2G04805"
"2859","AT1G52855"
"2860","AT5G15860"
"2861","AT1G16370"
"2862","AT1G07630"
"2863","AT3G14460"
"2864","AT3G00720"
"2865","AT1G22330"
"2866","AT4G29400"
"2867","AT1G56250"
"2868","AT3G55500"
"2869","AT4G25050"
"2870","AT1G47580"
"2871","AT3G02120"
"2872","AT3G55900"
"2873","AT1G79700"
"2874","AT3G03840"
"2875","AT3G16900"
"2876","AT1G07720"
"2877","AT3G53750"
"2878","AT2G29490"
"2879","AT1G76760"
"2880","AT1G22380"
"2881","AT1G18170"
"2882","AT1G67370"
"2883","AT1G18620"
"2884","AT1G74290"
"2885","AT3G22150"
"2886","AT3G27850"
"2887","AT4G37800"
"2888","AT5G06760"
"2889","AT2G40475"
"2890","AT4G13560"
"2891","AT2G23290"
"2892","AT4G13395"
"2893","AT5G15537"
"2894","AT1G32780"
"2895","AT5G14090"
"2896","AT4G14620"
"2897","ArthCp014"
"2898","AT1G06160"
"2899","AT1G75830"
"2900","AT1G09750"
"2901","AT3G14050"
"2902","AT2G45920"
"2903","AT5G08610"
"2904","AT1G19180"
"2905","AT5G57685"
"2906","AT3G46900"
"2907","AT3G44400"
"2908","AT1G72430"
"2909","AT3G13090"
"2910","AT3G03105"
"2911","AT4G27860"
"2912","AT5G28020"
"2913","AT1G23640"
"2914","AT2G42110"
"2915","AT2G35130"
"2916","AT1G11530"
"2917","AT4G39330"
"2918","AT2G02500"
"2919","AT5G27920"
"2920","AT2G25260"
"2921","AT2G22560"
"2922","AT2G35880"
"2923","AT1G32690"
"2924","AT2G34080"
"2925","AT2G02580"
"2926","AT5G41160"
"2927","AT1G68870"
"2928","AT2G32530"
"2929","AT3G04640"
"2930","AT2G30432"
"2931","AT1G56430"
"2932","AT2G32280"
"2933","AT2G39420"
"2934","AT4G01985"
"2935","AT5G53820"
"2936","AT1G27460"
"2937","AT4G30400"
"2938","AT5G66190"
"2939","AT1G66170"
"2940","AT2G40790"
"2941","AT3G13000"
"2942","AT4G37640"
"2943","AT5G00585"
"2944","AT1G14860"
"2945","AT5G24960"
"2946","AT1G79500"
"2947","AT5G48560"
"2948","AT1G29240"
"2949","AT5G22390"
"2950","AT5G15160"
"2951","AT2G31040"
"2952","AT1G49650"
"2953","AT2G29090"
"2954","AT3G48500"
"2955","AT1G51100"
"2956","AT5G43870"
"2957","AT1G08930"
"2958","AT2G42380"
"2959","AT5G05320"
"2960","AT3G58100"
"2961","AT3G24430"
"2962","AT3G15850"
"2963","AT4G10310"
"2964","AT3G12110"
"2965","AT4G20130"
"2966","AT2G16870"
"2967","AT1G07400"
"2968","AT3G59780"
"2969","AT2G31890"
"2970","AT2G05310"
"2971","AT4G04845"
"2972","AT4G22770"
"2973","AT4G35090"
"2974","AT5G08600"
"2975","AT3G59660"
"2976","AT4G17030"
"2977","AT2G27380"
"2978","AT2G34140"
"2979","AT2G39140"
"2980","AT5G17170"
"2981","AT2G14290"
"2982","AT1G73325"
"2983","AT1G66140"
"2984","AT3G29280"
"2985","AT4G24780"
"2986","AT1G33055"
"2987","AT1G63580"
"2988","AT5G01240"
"2989","AT2G37180"
"2990","AT3G51290"
"2991","AT2G19720"
"2992","AT2G16430"
"2993","AT2G41330"
"2994","AT1G14200"
"2995","AT5G02865"
"2996","AT1G23100"
"2997","AT1G03680"
"2998","AT4G33985"
"2999","AT5G10250"
"3000","AT4G04620"
"3001","AT1G59870"
"3002","AT4G10300"
"3003","AT3G08600"
"3004","AT2G43360"
"3005","AT4G18280"
"3006","AT5G05110"
"3007","AT4G01480"
"3008","AT5G28500"
"3009","AT3G06070"
"3010","AT2G36590"
"3011","AT5G46580"
"3012","AT5G45950"
"3013","AT5G11480"
"3014","AT3G03341"
"3015","AT3G25670"
"3016","AT4G39710"
"3017","AT1G56510"
"3018","AT3G50700"
"3019","AT4G08830"
"3020","AT4G16680"
"3021","AT5G64850"
"3022","AT2G01190"
"3023","AT3G45930"
"3024","AT5G45800"
"3025","AT3G09050"
"3026","AT5G03760"
"3027","AT3G57330"
"3028","AT5G37660"
"3029","AT4G03960"
"3030","AT1G68190"
"3031","AT2G32880"
"3032","AT2G19130"
"3033","AT2G41835"
"3034","AT2G18230"
"3035","AT3G49160"
"3036","AT4G16447"
"3037","AT5G00470"
"3038","AT3G17130"
"3039","AT5G40720"
"3040","AT5G35360"
"3041","AT4G05050"
"3042","AT5G10620"
"3043","AT3G25990"
"3044","AT5G66070"
"3045","AT3G20470"
"3046","AT2G22510"
"3047","AT3G60580"
"3048","AT1G11850"
"3049","AT3G56710"
"3050","AT4G15430"
"3051","AT3G16030"
"3052","AT5G49100"
"3053","AT3G06365"
"3054","AT3G04200"
"3055","AT2G45580"
"3056","AT1G70250"
"3057","AT5G67480"
"3058","AT1G52857"
"3059","AT1G55210"
"3060","AT3G11570"
"3061","AT5G39790"
"3062","AT1G76590"
"3063","AT3G48730"
"3064","AT1G68220"
"3065","AT5G38344"
"3066","AT5G11550"
"3067","AT1G05710"
"3068","AT3G15340"
"3069","AT1G05043"
"3070","AT1G23110"
"3071","AT5G51670"
"3072","AT5G44010"
"3073","AT1G68010"
"3074","AT3G48580"
"3075","AT3G56910"
"3076","AT3G14110"
"3077","AT1G73655"
"3078","AT5G58900"
"3079","AT1G78310"
"3080","AT3G09590"
"3081","AT3G50060"
"3082","AT5G50720"
"3083","AT5G66910"
"3084","AT5G51790"
"3085","AT1G54217"
"3086","AT5G66210"
"3087","AT5G54960"
"3088","AT1G75090"
"3089","AT1G54570"
"3090","AT2G31010"
"3091","AT1G47560"
"3092","AT5G58730"
"3093","AT5G18570"
"3094","AT2G15080"
"3095","AT3G27360"
"3096","AT4G33565"
"3097","AT1G67970"
"3098","AT1G80760"
"3099","AT1G16530"
"3100","AT5G47640"
"3101","AT2G37110"
"3102","AT1G80640"
"3103","AT1G74730"
"3104","AT1G10640"
"3105","AT5G06290"
"3106","AT2G40350"
"3107","AT3G13130"
"3108","AT4G38660"
"3109","AT2G43340"
"3110","AT3G56200"
"3111","AT1G52245"
"3112","AT5G03995"
"3113","AT1G30740"
"3114","AT2G39800"
"3115","AT5G08380"
"3116","AT3G48610"
"3117","AT4G37080"
"3118","AT1G47520"
"3119","AT2G01590"
"3120","AT2G47550"
"3121","AT4G24510"
"3122","AT3G02875"
"3123","AT3G10080"
"3124","AT1G72416"
"3125","AT4G31850"
"3126","AT1G63180"
"3127","AT5G20740"
"3128","AT1G05065"
"3129","AT3G13500"
"3130","AT4G22290"
"3131","AT2G45400"
"3132","AT1G12630"
"3133","AT4G34860"
"3134","AT1G60800"
"3135","AT1G08920"
"3136","AT5G40630"
"3137","AT5G11650"
"3138","AT2G21710"
"3139","AT5G23120"
"3140","AT3G00800"
"3141","AT2G35940"
"3142","AT1G18650"
"3143","AT3G28200"
"3144","AT5G10740"
"3145","AT3G13330"
"3146","AT2G36230"
"3147","AT1G52827"
"3148","AT5G23860"
"3149","AT3G45430"
"3150","AT1G27770"
"3151","AT5G67150"
"3152","AT3G22260"
"3153","AT2G33590"
"3154","AT5G26731"
"3155","AT4G29900"
"3156","AT4G15510"
"3157","AT3G28740"
"3158","AT2G28890"
"3159","AT4G19520"
"3160","AT3G47860"
"3161","AT3G16660"
"3162","AT2G33120"
"3163","AT2G30010"
"3164","AT1G21000"
"3165","AT1G18990"
"3166","AT2G17760"
"3167","AT4G27652"
"3168","AT3G08740"
"3169","AT3G04000"
"3170","AT2G30930"
"3171","AT3G03310"
"3172","AT4G24175"
"3173","AT1G78110"
"3174","AT1G30640"
"3175","AT5G59010"
"3176","AT2G28470"
"3177","AT4G21445"
"3178","AT1G15410"
"3179","AT3G23635"
"3180","AT5G65200"
"3181","AT3G58850"
"3182","AT1G62510"
"3183","AT3G62530"
"3184","AT2G39850"
"3185","AT2G29630"
"3186","AT4G30690"
"3187","AT5G14660"
"3188","AT4G28360"
"3189","AT2G06065"
"3190","AT3G26910"
"3191","AT1G79520"
"3192","AT3G28945"
"3193","AT5G43890"
"3194","AT4G11840"
"3195","AT2G15490"
"3196","AT1G02610"
"3197","AT3G48240"
"3198","AT5G01810"
"3199","AT4G18050"
"3200","AT3G63110"
"3201","AT5G37490"
"3202","AT3G14590"
"3203","AT3G48740"
"3204","AT2G17120"
"3205","AT3G45660"
"3206","AT1G11700"
"3207","AT1G18400"
"3208","AT1G17620"
"3209","AT5G46570"
"3210","AT5G52450"
"3211","AT1G44800"
"3212","AT1G68400"
"3213","AT5G18670"
"3214","AT2G39560"
"3215","AT4G27280"
"3216","AT4G31060"
"3217","AT3G15630"
"3218","AT2G30540"
"3219","AT2G14230"
"3220","AT3G62390"
"3221","AT4G03150"
"3222","AT5G07030"
"3223","AT4G32570"
"3224","AT4G23200"
"3225","AT5G06720"
"3226","AT3G09350"
"3227","AT3G06160"
"3228","AT3G06730"
"3229","AT5G41730"
"3230","AT4G12970"
"3231","AT1G61460"
"3232","AT2G04400"
"3233","AT5G02580"
"3234","AT1G68200"
"3235","AT5G57630"
"3236","AT3G28460"
"3237","AT3G07010"
"3238","AT5G40150"
"3239","ArthCp013"
"3240","AT3G59820"
"3241","AT4G33010"
"3242","AT1G72810"
"3243","AT5G07830"
"3244","AT5G11420"
"3245","AT5G25920"
"3246","AT1G31130"
"3247","AT5G05840"
"3248","AT3G21300"
"3249","AT1G62780"
"3250","AT2G01970"
"3251","AT3G14990"
"3252","AT5G66470"
"3253","AT5G01180"
"3254","AT2G36380"
"3255","AT1G61340"
"3256","AT3G19615"
"3257","AT3G24450"
"3258","AT4G25470"
"3259","AT2G23030"
"3260","AT5G13140"
"3261","AT4G39040"
"3262","AT3G47430"
"3263","AT5G39130"
"3264","AT1G26930"
"3265","AT4G04810"
"3266","AT2G40520"
"3267","AT5G28540"
"3268","AT2G28120"
"3269","AT1G57990"
"3270","AT1G21110"
"3271","AT1G31580"
"3272","AT5G27390"
"3273","AT5G57785"
"3274","AT4G16957"
"3275","AT2G39670"
"3276","AT4G34770"
"3277","AT4G03280"
"3278","AT2G28200"
"3279","AT2G37430"
"3280","AT1G26730"
"3281","AT2G29180"
"3282","AT2G40970"
"3283","AT5G66800"
"3284","AT2G24550"
"3285","AT1G55810"
"3286","AT5G57340"
"3287","AT1G13970"
"3288","AT2G21320"
"3289","AT3G23730"
"3290","AT5G17520"
"3291","AT3G18960"
"3292","AT5G52100"
"3293","AT3G29781"
"3294","AT5G44050"
"3295","AT2G18290"
"3296","AT3G54210"
"3297","AT1G08857"
"3298","AT2G42270"
"3299","AT3G14700"
"3300","AT1G78180"
"3301","AT5G04250"
"3302","AT3G16690"
"3303","AT3G62780"
"3304","AT2G38400"
"3305","AT1G67260"
"3306","AT1G14290"
"3307","AT4G30170"
"3308","AT1G04620"
"3309","AT1G65590"
"3310","AT4G14550"
"3311","AT5G23020"
"3312","AT1G19540"
"3313","AT5G49740"
"3314","AT4G39950"
"3315","AT4G18270"
"3316","AT4G19100"
"3317","AT4G30845"
"3318","AT2G14750"
"3319","AT3G53810"
"3320","AT4G33220"
"3321","AT1G59930"
"3322","AT3G57630"
"3323","AT5G44785"
"3324","AT3G28860"
"3325","AT4G02220"
"3326","AT1G11185"
"3327","AT3G04960"
"3328","AT1G20650"
"3329","AT1G75350"
"3330","AT2G17650"
"3331","AT5G67520"
"3332","AT5G08000"
"3333","AT2G14520"
"3334","AT5G14450"
"3335","AT5G41140"
"3336","AT2G46420"
"3337","AT2G41220"
"3338","AT4G21534"
"3339","AT1G14030"
"3340","AT3G43430"
"3341","AT1G49130"
"3342","AT5G19550"
"3343","AT1G29920"
"3344","AT1G72000"
"3345","AT4G22305"
"3346","AT4G27830"
"3347","AT5G16400"
"3348","AT3G14900"
"3349","AT5G24150"
"3350","AT2G40140"
"3351","AT1G79460"
"3352","AT4G34220"
"3353","AT1G52400"
"3354","AT5G62865"
"3355","AT5G08410"
"3356","AT4G37300"
"3357","AT5G64460"
"3358","AT1G60690"
"3359","AT2G02220"
"3360","AT3G22370"
"3361","AT4G21930"
"3362","AT5G14930"
"3363","AT1G35350"
"3364","AT1G17970"
"3365","AT1G14840"
"3366","AT5G62210"
"3367","AT5G14160"
"3368","AT1G54410"
"3369","AT5G47740"
"3370","AT1G42970"
"3371","AT1G32060"
"3372","AT4G13575"
"3373","AT3G25660"
"3374","AT2G36440"
"3375","AT4G25900"
"3376","AT1G64400"
"3377","AT4G20820"
"3378","AT1G50900"
"3379","AT3G46440"
"3380","AT5G33290"
"3381","AT5G03720"
"3382","AT1G45616"
"3383","AT5G35170"
"3384","AT4G23940"
"3385","AT1G05207"
"3386","AT3G30720"
"3387","AT1G64970"
"3388","AT1G63860"
"3389","AT3G63510"
"3390","AT1G27720"
"3391","AT3G61880"
"3392","AT2G20890"
"3393","AT3G44970"
"3394","AT4G36910"
"3395","AT1G22530"
"3396","AT2G18300"
"3397","AT5G44570"
"3398","AT3G09860"
"3399","AT2G16280"
"3400","AT3G12145"
"3401","AT1G77580"
"3402","AT3G55840"
"3403","AT4G27595"
"3404","AT5G43840"
"3405","AT1G67910"
"3406","AT4G16110"
"3407","AT5G03550"
"3408","AT4G04340"
"3409","AT1G80610"
"3410","AT1G11310"
"3411","AT1G33390"
"3412","AT4G24150"
"3413","AT5G25140"
"3414","AT5G51640"
"3415","AT1G35730"
"3416","AT4G19170"
"3417","AT1G07985"
"3418","AT3G22640"
"3419","AT3G14450"
"3420","AT3G57160"
"3421","AT3G28040"
"3422","AT4G27410"
"3423","AT1G09537"
"3424","AT3G19720"
"3425","AT5G54080"
"3426","AT3G30460"
"3427","AT4G02630"
"3428","AT1G10060"
"3429","AT3G16570"
"3430","AT1G62500"
"3431","AT3G60220"
"3432","AT2G33570"
"3433","AT4G39260"
"3434","AT1G77060"
"3435","AT3G27330"
"3436","AT3G42658"
"3437","AT1G57570"
"3438","AT5G23730"
"3439","AT2G20670"
"3440","AT1G32172"
"3441","AT3G48090"
"3442","AT5G18490"
"3443","AT2G37390"
"3444","AT1G18740"
"3445","AT5G47550"
"3446","AT1G16390"
"3447","AT5G39980"
"3448","AT1G22885"
"3449","AT1G76965"
"3450","AT1G46480"
"3451","AT2G31170"
"3452","AT5G44590"
"3453","AT3G45960"
"3454","AT3G05140"
"3455","AT3G06980"
"3456","AT4G16750"
"3457","AT1G65295"
"3458","AT2G39330"
"3459","AT4G22570"
"3460","AT1G42990"
"3461","AT4G30610"
"3462","AT4G31590"
"3463","AT1G29930"
"3464","AT5G65750"
"3465","AT5G27360"
"3466","AT1G79770"
"3467","AT1G05773"
"3468","AT3G18950"
"3469","AT3G57880"
"3470","AT2G30020"
"3471","AT5G02230"
"3472","AT5G54380"
"3473","AT1G18485"
"3474","AT4G32800"
"3475","AT1G21050"
"3476","AT1G16500"
"3477","AT1G30515"
"3478","AT2G32510"
"3479","AT2G19170"
"3480","AT5G64450"
"3481","AT5G53590"
"3482","AT1G72070"
"3483","AT2G01300"
"3484","AT5G43700"
"3485","AT2G34925"
"3486","AT2G41780"
"3487","AT1G33790"
"3488","AT3G15110"
"3489","AT5G47455"
"3490","AT1G23510"
"3491","AT3G28080"
"3492","AT2G17730"
"3493","AT5G05960"
"3494","AT5G65210"
"3495","AT2G40370"
"3496","AT2G16740"
"3497","AT2G40085"
"3498","AT4G30670"
"3499","AT5G09240"
"3500","AT1G17850"
"3501","AT3G01480"
"3502","AT4G21730"
"3503","AT2G37460"
"3504","AT3G50800"
"3505","AT3G63170"
"3506","AT5G02170"
"3507","AT1G72790"
"3508","AT4G31355"
"3509","AT3G44830"
"3510","AT4G34090"
"3511","AT5G14120"
"3512","AT5G64310"
"3513","AT5G44240"
"3514","AT4G23490"
"3515","AT3G23170"
"3516","AT5G01530"
"3517","AT3G18830"
"3518","AT1G76390"
"3519","AT1G21750"
"3520","AT4G07385"
"3521","AT5G26230"
"3522","AT5G63930"
"3523","AT4G39270"
"3524","AT5G00560"
"3525","AT1G51500"
"3526","AT1G47480"
"3527","AT2G03310"
"3528","AT3G51000"
"3529","AT2G37790"
"3530","AT5G64580"
"3531","AT5G10160"
"3532","AT5G63140"
"3533","AT3G13900"
"3534","AT1G24577"
"3535","AT1G62370"
"3536","AT1G15180"
"3537","AT3G20680"
"3538","AT5G54970"
"3539","AT4G34230"
"3540","AT4G16820"
"3541","AT2G38460"
"3542","AT5G59990"
"3543","AT3G10420"
"3544","AT5G62570"
"3545","AT3G13437"
"3546","AT3G06770"
"3547","AT4G23020"
"3548","AT1G47670"
"3549","AT3G23700"
"3550","AT3G22550"
"3551","AT1G56150"
"3552","AT1G75780"
"3553","AT3G06300"
"3554","AT5G04200"
"3555","AT1G17190"
"3556","AT1G32220"
"3557","AT1G27020"
"3558","AT5G44920"
"3559","AT5G54000"
"3560","AT3G10985"
"3561","AT1G01070"
"3562","AT4G21580"
"3563","AT1G29160"
"3564","AT5G53486"
"3565","AT1G65520"
"3566","AT1G34640"
"3567","AT1G74770"
"3568","AT5G22340"
"3569","AT1G10586"
"3570","AT2G02740"
"3571","AT1G05135"
"3572","AT1G12860"
"3573","AT2G38760"
"3574","AT5G37790"
"3575","AT3G16510"
"3576","AT5G58250"
"3577","AT3G05410"
"3578","AT5G55930"
"3579","AT5G50820"
"3580","AT5G54600"
"3581","AT3G47040"
"3582","AT5G15780"
"3583","AT2G16700"
"3584","AT1G78060"
"3585","AT5G40480"
"3586","AT2G15340"
"3587","AT1G33770"
"3588","AT4G33465"
"3589","AT4G40030"
"3590","AT5G15430"
"3591","AT3G53530"
"3592","AT1G66580"
"3593","AT1G12730"
"3594","AT4G36010"
"3595","AT1G19370"
"3596","AT1G25390"
"3597","AT1G05910"
"3598","AT1G18835"
"3599","AT3G58570"
"3600","AT5G45410"
"3601","AT3G25495"
"3602","AT3G26710"
"3603","AT4G02170"
"3604","AT2G11240"
"3605","AT2G42010"
"3606","AT1G65900"
"3607","AT1G26920"
"3608","AT5G40942"
"3609","AT5G60890"
"3610","AT4G16857"
"3611","AT1G21460"
"3612","AT3G04140"
"3613","AT3G52380"
"3614","AT3G18773"
"3615","AT2G04530"
"3616","AT1G21350"
"3617","AT5G02690"
"3618","AT3G61900"
"3619","AT5G05690"
"3620","AT5G01050"
"3621","AT2G28950"
"3622","AT1G32080"
"3623","AT5G58080"
"3624","AT1G78970"
"3625","AT1G16730"
"3626","AT5G20150"
"3627","AT4G34950"
"3628","AT4G23300"
"3629","AT3G24090"
"3630","AT5G04340"
"3631","AT4G04640"
"3632","AT1G12330"
"3633","AT1G65850"
"3634","AT1G47960"
"3635","AT3G45730"
"3636","AT2G32150"
"3637","AT5G41460"
"3638","AT4G30290"
"3639","AT3G28760"
"3640","AT2G23450"
"3641","AT5G03355"
"3642","AT5G04020"
"3643","AT2G21780"
"3644","AT1G77145"
"3645","AT5G05865"
"3646","AT5G61790"
"3647","AT1G79560"
"3648","AT5G11290"
"3649","AT5G66440"
"3650","AT2G30420"
"3651","AT2G35760"
"3652","AT1G04220"
"3653","AT1G76955"
"3654","AT3G26940"
"3655","AT1G75190"
"3656","AT1G04040"
"3657","AT4G14220"
"3658","AT3G09870"
"3659","AT1G61440"
"3660","AT4G10160"
"3661","AT2G32010"
"3662","AT4G18422"
"3663","AT3G29670"
"3664","AT1G12020"
"3665","AT5G59810"
"3666","AT1G05420"
"3667","AT1G49800"
"3668","AT4G20140"
"3669","AT1G04520"
"3670","AT2G01870"
"3671","AT3G57040"
"3672","AT5G08050"
"3673","AT1G09180"
"3674","AT2G42040"
"3675","AT4G35600"
"3676","AT2G16890"
"3677","AT2G18100"
"3678","AT1G30410"
"3679","AT3G25805"
"3680","AT3G54510"
"3681","AT3G01550"
"3682","AT5G24600"
"3683","AT2G30600"
"3684","AT1G20810"
"3685","AT2G14245"
"3686","AT4G23070"
"3687","AT2G05330"
"3688","AT1G14170"
"3689","AT1G62710"
"3690","AT2G28940"
"3691","AT3G05390"
"3692","AT4G37450"
"3693","AT3G55760"
"3694","AT1G71500"
"3695","AT1G21880"
"3696","AT2G16750"
"3697","AT3G04040"
"3698","AT3G55677"
"3699","AT1G33480"
"3700","AT5G01200"
"3701","AT1G14520"
"3702","ArthCp030"
"3703","AT3G11820"
"3704","AT2G33180"
"3705","AT3G44900"
"3706","AT1G24020"
"3707","AT4G38620"
"3708","AT5G23370"
"3709","AT4G21770"
"3710","AT1G11080"
"3711","AT2G13820"
"3712","AT2G33750"
"3713","AT5G18860"
"3714","AT5G35370"
"3715","AT5G48470"
"3716","AT1G80480"
"3717","AT3G60210"
"3718","AT1G05575"
"3719","AT4G05053"
"3720","AT3G46940"
"3721","AT5G45180"
"3722","AT2G05990"
"3723","AT2G01180"
"3724","AT1G31540"
"3725","AT5G47580"
"3726","AT5G16720"
"3727","AT3G53830"
"3728","AT1G06573"
"3729","AT5G02515"
"3730","AT5G26660"
"3731","AT4G06060"
"3732","AT5G15530"
"3733","AT5G59340"
"3734","AT4G21980"
"3735","AT1G14360"
"3736","AT1G12030"
"3737","AT3G20960"
"3738","AT1G59865"
"3739","AT4G12080"
"3740","AT5G59250"
"3741","AT1G29600"
"3742","AT3G04530"
"3743","AT2G47750"
"3744","AT1G78380"
"3745","AT3G03530"
"3746","AT1G65330"
"3747","AT1G25425"
"3748","AT4G21870"
"3749","AT4G39470"
"3750","AT4G33040"
"3751","AT5G65010"
"3752","AT1G12450"
"3753","AT4G30180"
"3754","AT2G15830"
"3755","AT5G45960"
"3756","AT1G49990"
"3757","AT1G27730"
"3758","AT1G17600"
"3759","AT5G43570"
"3760","AT4G14270"
"3761","AT1G02250"
"3762","AT1G71080"
"3763","AT1G66190"
"3764","AT4G32890"
"3765","AT3G54720"
"3766","AT5G17060"
"3767","AT2G38390"
"3768","AT1G07610"
"3769","AT5G66080"
"3770","AT2G28660"
"3771","AT1G67290"
"3772","AT4G02430"
"3773","AT3G04715"
"3774","AT3G44670"
"3775","AT2G23180"
"3776","AT1G08290"
"3777","AT2G07875"
"3778","AT2G39730"
"3779","AT5G39390"
"3780","AT3G24515"
"3781","AT2G13610"
"3782","AT4G01330"
"3783","AT1G64760"
"3784","AT5G09220"
"3785","AT5G51100"
"3786","AT5G46180"
"3787","AT4G11230"
"3788","AT1G74560"
"3789","AT3G47800"
"3790","AT4G37110"
"3791","AT2G41090"
"3792","AT1G31820"
"3793","AT3G63200"
"3794","AT1G13210"
"3795","AT5G12940"
"3796","AT1G09200"
"3797","AT1G70430"
"3798","AT5G49665"
"3799","AT3G18850"
"3800","AT4G22620"
"3801","AT5G02710"
"3802","AT3G11230"
"3803","AT3G61820"
"3804","AT2G22670"
"3805","AT1G75460"
"3806","AT3G56160"
"3807","AT4G13260"
"3808","AT5G21170"
"3809","AT3G50440"
"3810","AT4G33660"
"3811","AT4G23790"
"3812","AT5G41920"
"3813","AT1G23750"
"3814","AT1G56470"
"3815","AT3G57450"
"3816","AT1G18060"
"3817","AT1G01660"
"3818","AT5G22250"
"3819","AT1G04420"
"3820","AT3G56940"
"3821","AT5G09530"
"3822","AT2G44230"
"3823","AT5G05530"
"3824","AT5G01720"
"3825","AT2G43820"
"3826","AT5G28750"
"3827","AT5G62700"
"3828","AT5G30510"
"3829","AT1G49490"
"3830","AT5G63790"
"3831","AT1G70280"
"3832","AT4G25580"
"3833","AT4G31360"
"3834","AT5G24165"
"3835","AT1G69570"
"3836","AT4G03460"
"3837","AT1G33930"
"3838","AT5G61290"
"3839","AT4G30330"
"3840","AT5G20270"
"3841","AT2G30395"
"3842","AT1G78630"
"3843","AT3G27030"
"3844","AT3G62720"
"3845","AT4G25990"
"3846","AT1G05450"
"3847","AT3G10640"
"3848","AT3G28850"
"3849","AT4G27360"
"3850","AT1G04760"
"3851","AT5G64260"
"3852","AT3G05320"
"3853","AT2G14890"
"3854","AT3G08520"
"3855","AT1G10690"
"3856","AT1G49500"
"3857","AT2G24060"
"3858","AT3G46070"
"3859","AT1G64160"
"3860","AT3G45710"
"3861","AT5G53750"
"3862","AT4G24090"
"3863","AT4G08470"
"3864","AT3G01840"
"3865","AT1G66173"
"3866","AT1G45130"
"3867","AT5G53550"
"3868","AT3G22400"
"3869","AT4G14680"
"3870","AT2G28870"
"3871","AT5G61130"
"3872","AT5G44578"
"3873","AT2G47245"
"3874","AT5G01090"
"3875","AT1G53690"
"3876","AT3G60690"
"3877","AT4G35783"
"3878","AT2G21560"
"3879","AT4G01580"
"3880","AT5G55135"
"3881","AT3G44690"
"3882","AT3G02730"
"3883","AT2G32830"
"3884","AT3G07970"
"3885","AT4G14540"
"3886","AT2G36950"
"3887","AT1G68570"
"3888","AT3G47470"
"3889","AT4G37260"
"3890","AT3G62630"
"3891","AT1G22440"
"3892","AT3G14940"
"3893","AT1G30820"
"3894","AT2G01650"
"3895","AT4G19420"
"3896","AT1G04800"
"3897","AT1G16080"
"3898","AT2G38530"
"3899","AT1G70420"
"3900","AT5G05860"
"3901","AT3G49350"
"3902","AT1G28650"
"3903","AT5G47220"
"3904","AT1G21510"
"3905","AT2G06050"
"3906","AT5G63100"
"3907","AT3G27490"
"3908","AT5G11140"
"3909","AT1G69260"
"3910","AT4G28310"
"3911","AT1G72620"
"3912","AT1G31230"
"3913","AT1G19940"
"3914","AT1G27130"
"3915","AT5G54720"
"3916","AT1G12780"
"3917","AT5G03380"
"3918","AT4G24190"
"3919","AT3G61220"
"3920","AT3G45300"
"3921","AT5G10180"
"3922","AT1G71697"
"3923","AT4G38970"
"3924","AT3G09790"
"3925","AT2G03450"
"3926","AT3G62570"
"3927","AT1G63440"
"3928","AT3G62600"
"3929","AT5G42680"
"3930","AT3G17050"
"3931","AT2G46650"
"3932","AT3G20510"
"3933","AT4G32260"
"3934","AT4G11911"
"3935","AT4G36360"
"3936","AT3G26520"
"3937","AT1G78090"
"3938","AT1G08550"
"3939","AT3G18680"
"3940","AT1G68260"
"3941","AT4G24930"
"3942","AT5G49450"
"3943","AT1G64640"
"3944","AT4G36250"
"3945","AT1G72645"
"3946","AT1G12244"
"3947","ArthCp029"
"3948","AT2G24020"
"3949","AT2G28085"
"3950","AT1G74140"
"3951","AT2G36270"
"3952","AT2G35860"
"3953","AT5G16390"
"3954","AT3G16180"
"3955","AT3G51910"
"3956","AT5G09370"
"3957","AT5G42765"
"3958","AT4G23750"
"3959","AT5G61490"
"3960","AT3G51820"
"3961","AT2G46630"
"3962","AT2G08575"
"3963","AT5G12030"
"3964","AT5G18180"
"3965","AT3G61260"
"3966","AT1G09745"
"3967","AT4G01610"
"3968","AT3G09390"
"3969","AT2G42770"
"3970","AT3G62910"
"3971","AT3G50460"
"3972","AT3G21750"
"3973","AT2G46640"
"3974","AT4G26750"
"3975","AT3G24460"
"3976","AT1G02650"
"3977","AT4G15450"
"3978","AT1G69040"
"3979","AT3G51960"
"3980","AT5G15265"
"3981","AT4G34120"
"3982","AT3G45650"
"3983","AT3G07130"
"3984","AT3G01235"
"3985","AT5G45850"
"3986","AT3G54080"
"3987","AT3G52940"
"3988","AT3G47160"
"3989","AT2G26170"
"3990","AT5G52930"
"3991","AT5G40760"
"3992","AT5G24580"
"3993","AT3G61550"
"3994","AT3G09800"
"3995","AT4G26520"
"3996","AT5G22690"
"3997","AT3G52780"
"3998","AT4G31840"
"3999","AT5G53580"
"4000","AT2G21830"
"4001","AT2G36250"
"4002","AT2G38695"
"4003","AT1G26130"
"4004","AT5G02270"
"4005","AT5G39830"
"4006","AT3G23760"
"4007","AT1G75270"
"4008","AT3G47210"
"4009","AT5G13900"
"4010","AT5G58390"
"4011","AT3G46700"
"4012","AT1G67120"
"4013","AT2G36870"
"4014","AT4G16155"
"4015","AT3G17520"
"4016","AT1G05385"
"4017","AT4G00780"
"4018","AT2G15000"
"4019","AT1G15510"
"4020","AT2G29995"
"4021","AT2G37720"
"4022","AT3G28480"
"4023","AT2G18370"
"4024","AT4G24050"
"4025","AT4G23740"
"4026","AT1G50450"
"4027","AT5G60285"
"4028","AT3G02150"
"4029","AT2G21385"
"4030","AT2G27060"
"4031","AT1G26690"
"4032","AT1G53100"
"4033","AT5G17680"
"4034","AT1G66760"
"4035","AT1G52000"
"4036","AT2G31570"
"4037","AT1G34430"
"4038","AT2G18120"
"4039","AT5G39800"
"4040","AT3G59900"
"4041","AT2G42200"
"4042","AT5G62220"
"4043","AT2G34510"
"4044","AT3G63088"
"4045","AT2G42890"
"4046","AT1G02430"
"4047","AT2G42610"
"4048","AT2G00940"
"4049","AT5G28450"
"4050","AT5G61420"
"4051","AT1G51110"
"4052","AT3G52630"
"4053","AT5G24920"
"4054","AT2G26550"
"4055","AT1G80820"
"4056","AT2G37660"
"4057","AT1G13270"
"4058","AT2G21640"
"4059","AT3G48550"
"4060","AT4G23500"
"4061","AT4G09100"
"4062","AT4G36090"
"4063","AT4G18880"
"4064","AT2G31751"
"4065","AT4G25740"
"4066","AT3G00280"
"4067","AT5G59020"
"4068","AT5G44390"
"4069","AT4G29020"
"4070","AT1G15825"
"4071","AT1G71100"
"4072","AT4G00670"
"4073","AT4G24265"
"4074","AT3G04181"
"4075","AT1G69870"
"4076","AT2G40840"
"4077","AT1G77020"
"4078","AT4G01883"
"4079","AT2G33150"
"4080","AT3G03770"
"4081","AT2G34655"
"4082","AT3G43960"
"4083","AT1G24580"
"4084","AT1G56010"
"4085","AT1G74458"
"4086","AT3G14760"
"4087","AT4G23290"
"4088","AT1G77370"
"4089","AT5G09800"
"4090","AT5G08135"
"4091","AT5G42930"
"4092","AT5G65020"
"4093","AT1G29690"
"4094","AT2G39180"
"4095","AT2G15310"
"4096","AT4G31870"
"4097","AT1G75820"
"4098","AT2G27680"
"4099","AT1G53990"
"4100","AT2G46450"
"4101","AT5G60440"
"4102","AT1G21370"
"4103","AT5G54140"
"4104","AT4G27310"
"4105","AT5G23110"
"4106","AT4G17920"
"4107","AT1G13740"
"4108","AT2G38480"
"4109","AT2G46140"
"4110","AT5G13510"
"4111","AT3G48920"
"4112","AT2G18700"
"4113","AT4G14580"
"4114","AT2G17280"
"4115","AT4G20270"
"4116","AT5G47560"
"4117","AT3G16330"
"4118","AT1G13700"
"4119","AT2G35780"
"4120","AT3G29575"
"4121","AT5G14070"
"4122","AT2G26250"
"4123","AT2G47870"
"4124","AT1G49475"
"4125","AT1G74200"
"4126","AT1G59710"
"4127","AT5G18790"
"4128","AT4G38260"
"4129","AT3G43715"
"4130","AT2G19970"
"4131","AT5G42510"
"4132","AT1G58460"
"4133","AT1G32090"
"4134","AT4G25410"
"4135","AT5G16290"
"4136","AT5G58540"
"4137","AT5G17040"
"4138","AT4G31730"
"4139","AT1G41830"
"4140","AT1G69420"
"4141","AT1G22630"
"4142","AT3G51895"
"4143","AT4G27657"
"4144","AT2G23560"
"4145","AT3G61750"
"4146","AT1G09083"
"4147","AT1G13080"
"4148","AT1G55480"
"4149","AT1G33440"
"4150","ArthCp022"
"4151","AT2G26040"
"4152","AT3G04120"
"4153","AT1G75100"
"4154","AT5G46710"
"4155","AT4G04020"
"4156","AT1G77990"
"4157","AT1G27120"
"4158","AT1G66610"
"4159","AT1G66150"
"4160","AT1G26100"
"4161","AT1G54000"
"4162","AT4G39110"
"4163","AT4G11670"
"4164","AT4G09510"
"4165","AT1G18570"
"4166","AT4G17240"
"4167","AT1G68560"
"4168","AT5G41850"
"4169","AT5G65410"
"4170","AT5G44670"
"4171","AT1G10020"
"4172","AT4G35920"
"4173","AT2G41820"
"4174","AT3G62150"
"4175","AT3G61410"
"4176","AT3G21110"
"4177","AT4G01060"
"4178","AT5G04830"
"4179","AT2G09710"
"4180","AT1G74300"
"4181","AT4G20970"
"4182","AT4G17360"
"4183","AT3G23090"
"4184","AT3G46190"
"4185","AT1G29390"
"4186","AT2G40670"
"4187","AT5G09480"
"4188","AT2G31390"
"4189","AT1G29330"
"4190","AT1G16540"
"4191","AT1G77630"
"4192","AT4G00040"
"4193","AT1G62440"
"4194","AT4G06195"
"4195","AT3G02870"
"4196","AT5G11870"
"4197","AT3G29000"
"4198","AT3G28130"
"4199","AT1G13540"
"4200","AT1G21100"
"4201","AT5G59660"
"4202","AT5G22060"
"4203","AT1G10657"
"4204","AT1G75800"
"4205","AT3G24170"
"4206","AT3G05830"
"4207","AT1G36600"
"4208","AT1G54310"
"4209","AT5G19190"
"4210","AT2G19750"
"4211","AT2G32640"
"4212","AT5G47070"
"4213","AT2G27770"
"4214","AT5G46830"
"4215","AT3G14170"
"4216","AT3G10410"
"4217","AT4G26690"
"4218","AT5G09820"
"4219","AT3G03815"
"4220","AT4G29950"
"4221","AT1G07640"
"4222","AT2G39880"
"4223","AT3G62690"
"4224","AT1G19230"
"4225","AT2G24440"
"4226","AT1G13250"
"4227","AT2G32230"
"4228","AT4G29780"
"4229","AT4G23010"
"4230","AT2G29125"
"4231","AT1G07430"
"4232","AT1G76600"
"4233","AT1G76450"
"4234","AT5G16250"
"4235","AT5G38240"
"4236","AT1G54050"
"4237","AT1G05300"
"4238","AT3G53232"
"4239","AT1G09390"
"4240","AT2G41990"
"4241","AT5G62470"
"4242","AT5G58620"
"4243","AT1G72960"
"4244","AT4G20760"
"4245","AT3G15095"
"4246","AT2G38290"
"4247","AT3G47200"
"4248","AT5G10650"
"4249","AT4G22980"
"4250","AT4G19720"
"4251","AT3G06690"
"4252","AT4G34880"
"4253","AT1G69710"
"4254","AT3G51340"
"4255","AT3G60320"
"4256","AT1G19210"
"4257","AT1G79360"
"4258","AT3G02110"
"4259","AT3G06530"
"4260","AT2G05995"
"4261","AT1G77590"
"4262","AT2G47890"
"4263","AT2G18570"
"4264","AT3G45870"
"4265","AT5G43380"
"4266","AT4G18630"
"4267","AT4G31405"
"4268","AT5G25560"
"4269","AT4G19430"
"4270","AT5G25160"
"4271","AT1G74810"
"4272","AT5G52300"
"4273","AT3G54065"
"4274","AT4G24310"
"4275","AT3G05180"
"4276","AT2G25930"
"4277","AT1G69050"
"4278","AT5G53730"
"4279","AT2G25790"
"4280","AT2G42790"
"4281","AT5G23100"
"4282","AT4G28190"
"4283","AT4G38960"
"4284","AT5G39000"
"4285","AT4G36660"
"4286","AT1G19350"
"4287","AT2G22000"
"4288","AT3G18390"
"4289","AT5G01760"
"4290","AT1G07590"
"4291","AT4G32250"
"4292","AT3G58070"
"4293","AT2G01200"
"4294","AT5G38290"
"4295","AT3G52360"
"4296","AT1G01170"
"4297","AT5G42450"
"4298","AT3G09190"
"4299","AT2G45010"
"4300","AT1G71040"
"4301","AT5G53990"
"4302","AT1G58300"
"4303","AT1G63480"
"4304","AT3G27180"
"4305","AT4G39404"
"4306","AT5G27520"
"4307","AT4G08930"
"4308","AT1G29980"
"4309","AT5G05850"
"4310","AT3G56350"
"4311","AT3G26760"
"4312","AT5G19940"
"4313","AT4G29720"
"4314","AT1G22490"
"4315","AT1G61140"
"4316","AT3G56060"
"4317","AT5G62130"
"4318","AT2G44180"
"4319","AT3G28600"
"4320","AT2G37030"
"4321","AT5G62740"
"4322","AT3G06140"
"4323","AT5G16900"
"4324","AT3G12070"
"4325","AT4G31000"
"4326","AT3G29185"
"4327","AT2G44080"
"4328","AT5G63030"
"4329","AT5G11450"
"4330","AT4G21880"
"4331","AT1G16670"
"4332","AT5G27610"
"4333","AT2G47270"
"4334","AT1G49960"
"4335","AT1G24530"
"4336","AT1G74690"
"4337","AT2G05910"
"4338","AT1G47655"
"4339","AT5G37740"
"4340","AT4G28300"
"4341","AT3G51970"
"4342","AT1G19570"
"4343","AT3G48540"
"4344","AT1G54120"
"4345","AT5G35220"
"4346","AT4G24230"
"4347","AT3G52480"
"4348","AT1G77855"
"4349","AT2G15050"
"4350","AT3G09820"
"4351","AT3G60420"
"4352","AT4G15630"
"4353","AT1G53340"
"4354","AT5G18661"
"4355","AT1G69526"
"4356","AT4G27560"
"4357","AT1G72260"
"4358","AT3G17240"
"4359","AT3G48970"
"4360","AT3G44735"
"4361","AT4G24120"
"4362","AT1G74330"
"4363","AT1G18210"
"4364","AT5G15650"
"4365","AT5G62550"
"4366","AT1G08540"
"4367","AT5G28235"
"4368","AT3G63500"
"4369","AT4G18480"
"4370","AT2G40330"
"4371","AT5G47800"
"4372","AT1G47130"
"4373","AT1G76952"
"4374","AT1G63750"
"4375","AT1G04477"
"4376","AT5G27830"
"4377","AT4G28710"
"4378","AT1G77760"
"4379","AT5G63710"
"4380","AT2G21350"
"4381","AT2G23610"
"4382","AT3G28100"
"4383","AT5G10150"
"4384","AT4G27520"
"4385","AT4G31290"
"4386","AT4G24690"
"4387","AT4G22790"
"4388","AT4G01950"
"4389","AT4G15800"
"4390","AT3G10910"
"4391","AT1G53790"
"4392","AT2G01760"
"4393","AT5G49030"
"4394","AT2G41800"
"4395","AT5G15350"
"4396","AT5G14360"
"4397","AT2G32240"
"4398","AT2G28190"
"4399","AT1G70260"
"4400","AT3G03855"
"4401","AT2G04490"
"4402","AT5G03640"
"4403","AT2G28410"
"4404","AT2G03090"
"4405","AT4G06075"
"4406","AT3G17700"
"4407","AT4G18170"
"4408","AT5G10660"
"4409","AT4G11830"
"4410","AT1G77870"
"4411","AT3G28750"
"4412","AT3G06490"
"4413","AT1G36610"
"4414","AT4G31210"
"4415","AT5G38980"
"4416","AT3G51750"
"4417","AT1G62305"
"4418","AT1G73510"
"4419","AT4G27340"
"4420","AT1G25520"
"4421","AT5G07680"
"4422","AT5G26700"
"4423","AT5G16590"
"4424","AT3G09415"
"4425","AT5G58680"
"4426","AT5G15230"
"4427","AT4G14320"
"4428","AT5G67180"
"4429","AT4G23570"
"4430","AT1G05783"
"4431","AT1G26560"
"4432","AT3G21870"
"4433","AT4G33550"
"4434","AT2G32550"
"4435","AT4G01050"
"4436","AT4G08505"
"4437","AT5G56350"
"4438","AT2G16050"
"4439","AT5G42780"
"4440","AT3G10720"
"4441","AT2G46535"
"4442","AT1G01200"
"4443","AT3G61950"
"4444","AT1G30400"
"4445","AT5G49570"
"4446","AT3G20230"
"4447","AT1G66890"
"4448","AT3G06990"
"4449","AT3G06345"
"4450","AT3G06630"
"4451","AT1G60790"
"4452","AT4G28340"
"4453","AT4G28550"
"4454","AT4G01900"
"4455","AT3G03220"
"4456","AT1G29660"
"4457","AT3G07200"
"4458","AT5G28010"
"4459","AT1G18590"
"4460","AT5G47140"
"4461","AT5G60270"
"4462","AT1G12800"
"4463","AT2G40480"
"4464","AT1G62935"
"4465","AT1G70581"
"4466","AT1G27330"
"4467","AT4G28780"
"4468","AT3G59650"
"4469","AT2G41210"
"4470","AT4G17840"
"4471","AT3G21230"
"4472","AT3G06880"
"4473","AT4G35985"
"4474","AT4G12470"
"4475","AT4G37250"
"4476","AT3G29680"
"4477","AT5G35525"
"4478","AT1G03050"
"4479","AT2G26840"
"4480","AT1G44000"
"4481","AT3G09280"
"4482","AT3G50240"
"4483","AT2G08600"
"4484","AT5G61030"
"4485","AT1G55390"
"4486","AT1G09225"
"4487","AT4G28330"
"4488","AT1G07870"
"4489","AT3G04340"
"4490","AT5G21100"
"4491","AT5G06960"
"4492","AT2G16850"
"4493","AT3G63450"
"4494","AT2G16595"
"4495","AT5G55480"
"4496","AT1G19510"
"4497","AT3G51450"
"4498","AT5G09730"
"4499","AT2G41650"
"4500","AT1G79380"
"4501","AT1G77100"
"4502","AT5G23870"
"4503","AT5G14670"
"4504","AT1G22280"
"4505","AT1G30360"
"4506","AT3G52190"
"4507","AT2G37020"
"4508","AT4G25830"
"4509","AT5G43250"
"4510","AT1G34010"
"4511","AT3G43790"
"4512","AT5G06570"
"4513","AT3G14240"
"4514","AT3G06868"
"4515","AT1G67660"
"4516","AT4G20870"
"4517","AT1G66400"
"4518","AT5G52320"
"4519","AT2G31350"
"4520","AT3G19450"
"4521","AT3G15950"
"4522","AT3G06850"
"4523","AT1G45474"
"4524","AT4G10120"
"4525","AT3G47790"
"4526","AT4G13495"
"4527","AT5G06530"
"4528","AT5G56100"
"4529","AT5G24270"
"4530","AT1G74450"
"4531","AT5G63905"
"4532","AT2G39270"
"4533","AT2G36990"
"4534","AT5G06610"
"4535","AT5G18290"
"4536","AT5G45280"
"4537","AT1G28230"
"4538","AT5G23310"
"4539","AT2G48130"
"4540","AT4G14560"
"4541","AT4G15150"
"4542","AT1G70370"
"4543","AT2G05160"
"4544","AT2G20585"
"4545","AT2G26910"
"4546","AT2G26640"
"4547","AT1G48520"
"4548","AT1G51670"
"4549","AT3G03640"
"4550","AT3G11090"
"4551","AT1G15890"
"4552","AT2G33855"
"4553","AT3G21260"
"4554","AT1G32870"
"4555","AT3G58690"
"4556","AT2G45970"
"4557","AT1G15430"
"4558","AT4G03490"
"4559","AT1G65800"
"4560","AT4G38430"
"4561","AT1G53610"
"4562","AT4G01660"
"4563","AT3G56650"
"4564","AT5G28145"
"4565","AT1G48325"
"4566","AT2G03710"
"4567","AT5G59780"
"4568","AT5G06390"
"4569","AT4G37610"
"4570","AT3G07580"
"4571","AT4G29700"
"4572","AT2G01520"
"4573","AT2G27500"
"4574","AT3G18090"
"4575","AT1G15085"
"4576","AT1G31750"
"4577","AT3G57180"
"4578","AT1G34580"
"4579","AT2G34680"
"4580","AT1G23870"
"4581","AT2G04790"
"4582","AT1G06148"
"4583","AT1G64380"
"4584","AT5G42760"
"4585","AT1G07370"
"4586","AT5G50260"
"4587","AT2G36620"
"4588","AT5G64230"
"4589","AT1G55990"
"4590","AT2G14660"
"4591","AT4G14090"
"4592","AT3G61270"
"4593","AT2G42950"
"4594","AT3G49570"
"4595","AT4G11900"
"4596","AT1G75880"
"4597","AT1G62422"
"4598","AT5G64550"
"4599","AT4G21960"
"4600","AT3G11170"
"4601","AT1G44920"
"4602","AT3G03265"
"4603","AT1G70850"
"4604","AT3G01940"
"4605","AT3G56370"
"4606","AT1G22550"
"4607","AT5G64370"
"4608","AT2G33255"
"4609","AT4G22200"
"4610","AT2G32765"
"4611","AT5G12150"
"4612","AT3G03965"
"4613","AT3G23830"
"4614","AT5G65130"
"4615","AT5G56490"
"4616","AT2G39430"
"4617","AT2G20320"
"4618","AT5G40880"
"4619","AT4G22820"
"4620","AT1G10480"
"4621","AT1G65820"
"4622","AT2G08435"
"4623","AT5G24160"
"4624","AT1G28395"
"4625","AT1G72630"
"4626","AT1G30520"
"4627","AT4G31408"
"4628","AT4G15480"
"4629","AT3G16950"
"4630","AT1G64890"
"4631","AT2G37585"
"4632","AT4G17680"
"4633","AT2G36630"
"4634","AT5G14100"
"4635","AT5G52900"
"4636","AT3G22240"
"4637","AT4G17070"
"4638","AT1G74470"
"4639","AT2G44300"
"4640","AT1G14455"
"4641","AT2G36026"
"4642","AT1G56210"
"4643","AT3G26740"
"4644","AT5G66090"
"4645","AT2G16530"
"4646","AT5G58520"
"4647","AT3G23390"
"4648","AT3G56020"
"4649","AT4G26790"
"4650","AT1G43560"
"4651","AT1G22230"
"4652","AT5G27860"
"4653","AT1G66130"
"4654","AT4G25420"
"4655","AT3G57320"
"4656","AT4G13650"
"4657","AT1G31570"
"4658","AT5G24105"
"4659","AT1G10960"
"4660","AT2G18500"
"4661","AT3G46630"
"4662","AT1G56140"
"4663","AT5G62890"
"4664","AT1G73650"
"4665","AT1G29490"
"4666","AT5G39660"
"4667","AT5G38700"
"4668","AT5G54180"
"4669","AT2G39650"
"4670","AT1G51610"
"4671","AT3G01490"
"4672","AT5G24000"
"4673","AT2G26540"
"4674","AT3G52900"
"4675","AT1G60700"
"4676","AT3G26490"
"4677","AT3G15115"
"4678","AT1G54500"
"4679","AT4G16660"
"4680","AT4G23800"
"4681","AT3G14630"
"4682","AT5G45080"
"4683","AT4G17490"
"4684","AT5G65310"
"4685","AT2G40000"
"4686","AT3G26600"
"4687","AT1G79610"
"4688","AT3G61010"
"4689","AT5G18540"
"4690","AT2G45500"
"4691","AT4G28080"
"4692","AT1G49560"
"4693","AT4G25270"
"4694","AT5G19090"
"4695","AT5G59420"
"4696","AT3G20340"
"4697","AT1G25430"
"4698","AT2G06485"
"4699","ArthCp002"
"4700","AT2G28150"
"4701","AT1G23120"
"4702","AT2G32690"
"4703","AT5G55970"
"4704","AT3G17350"
"4705","AT5G01300"
"4706","AT1G76070"
"4707","AT1G32450"
"4708","AT5G40080"
"4709","AT3G07460"
"4710","AT3G02640"
"4711","AT2G05320"
"4712","AT4G15960"
"4713","AT1G25370"
"4714","AT3G19260"
"4715","AT3G42670"
"4716","AT4G27870"
"4717","AT2G41110"
"4718","AT2G40690"
"4719","AT2G41312"
"4720","AT2G00870"
"4721","AT5G01840"
"4722","AT5G45310"
"4723","AT2G14170"
"4724","AT2G44940"
"4725","AT3G25600"
"4726","AT1G48570"
"4727","AT4G26970"
"4728","AT1G69450"
"4729","AT1G80380"
"4730","AT4G24790"
"4731","AT1G04820"
"4732","AT2G09170"
"4733","AT2G34070"
"4734","AT3G16770"
"4735","AT2G02680"
"4736","AT3G56040"
"4737","AT3G49650"
"4738","AT1G52700"
"4739","AT2G14900"
"4740","AT1G73210"
"4741","AT1G76190"
"4742","AT1G19968"
"4743","AT3G25710"
"4744","AT2G25480"
"4745","AT1G51913"
"4746","AT5G67385"
"4747","AT4G34250"
"4748","AT1G22340"
"4749","AT5G09995"
"4750","AT2G27180"
"4751","AT3G05020"
"4752","AT3G44160"
"4753","AT1G53310"
"4754","AT2G25940"
"4755","AT2G26500"
"4756","AT2G25770"
"4757","AT1G29050"
"4758","AT3G13275"
"4759","AT1G31850"
"4760","AT1G42560"
"4761","AT1G06180"
"4762","AT1G76150"
"4763","AT4G04920"
"4764","AT3G06430"
"4765","AT4G21750"
"4766","AT2G18480"
"4767","AT4G21650"
"4768","AT5G39950"
"4769","AT5G42146"
"4770","AT2G29680"
"4771","AT1G25275"
"4772","AT3G20930"
"4773","AT2G24692"
"4774","AT5G15190"
"4775","AT4G09875"
"4776","AT1G71460"
"4777","AT4G30710"
"4778","AT2G45340"
"4779","AT1G68540"
"4780","AT3G12965"
"4781","AT3G58380"
"4782","AT1G21140"
"4783","AT3G61210"
"4784","AT1G19640"
"4785","AT5G24140"
"4786","AT1G58520"
"4787","AT5G64570"
"4788","AT2G39570"
"4789","AT5G49525"
"4790","AT2G29400"
"4791","AT3G09162"
"4792","AT3G20610"
"4793","AT3G52920"
"4794","AT1G67050"
"4795","AT2G26820"
"4796","AT4G01140"
"4797","AT4G01670"
"4798","AT5G03825"
"4799","AT4G38470"
"4800","AT5G65700"
"4801","AT3G04790"
"4802","AT3G50810"
"4803","AT2G32120"
"4804","AT3G17000"
"4805","AT2G25840"
"4806","AT3G05400"
"4807","AT3G50340"
"4808","AT2G36800"
"4809","AT1G67040"
"4810","AT1G64110"
"4811","AT1G66040"
"4812","AT3G45638"
"4813","AT1G75125"
"4814","AT5G60400"
"4815","AT4G01335"
"4816","AT1G28310"
"4817","AT3G06810"
"4818","AT2G06002"
"4819","AT2G39870"
"4820","AT3G15540"
"4821","AT5G49330"
"4822","AT4G04800"
"4823","AT2G01890"
"4824","AT1G77890"
"4825","AT1G12710"
"4826","AT1G60420"
"4827","AT1G17060"
"4828","AT3G47950"
"4829","AT2G00640"
"4830","AT2G24120"
"4831","AT1G22070"
"4832","DA397_mgp37"
"4833","AT1G60270"
"4834","AT1G72330"
"4835","AT1G07780"
"4836","AT1G09287"
"4837","AT3G00940"
"4838","AT1G09795"
"4839","AT3G52710"
"4840","AT1G27110"
"4841","DA397_mgr02"
"4842","AT3G16450"
"4843","AT1G04540"
"4844","AT1G29650"
"4845","AT2G17520"
"4846","AT3G27050"
"4847","AT2G22930"
"4848","AT1G15250"
"4849","AT4G02290"
"4850","AT2G45930"
"4851","AT1G75450"
"4852","AT1G78190"
"4853","AT5G35630"
"4854","AT1G78915"
"4855","AT2G22330"
"4856","AT1G32910"
"4857","AT1G63310"
"4858","AT2G29660"
"4859","AT2G39930"
"4860","AT1G52570"
"4861","AT1G22190"
"4862","AT1G01046"
"4863","AT1G75680"
"4864","AT4G10380"
"4865","AT1G24130"
"4866","AT5G63420"
"4867","AT5G23850"
"4868","AT1G11820"
"4869","AT3G59080"
"4870","AT5G16370"
"4871","AT2G20010"
"4872","AT3G19150"
"4873","AT5G07780"
"4874","AT4G22710"
"4875","AT3G05490"
"4876","AT1G03457"
"4877","AT1G15150"
"4878","AT5G45500"
"4879","AT2G23120"
"4880","AT3G05936"
"4881","AT4G04890"
"4882","AT2G31110"
"4883","AT3G25240"
"4884","AT2G39220"
"4885","AT3G25950"
"4886","AT1G57980"
"4887","AT3G63050"
"4888","AT3G24500"
"4889","AT1G51440"
"4890","AT1G52770"
"4891","AT2G25060"
"4892","AT4G07995"
"4893","AT3G55370"
"4894","AT4G02990"
"4895","AT5G51010"
"4896","AT3G51920"
"4897","AT2G37130"
"4898","AT5G56630"
"4899","AT2G42300"
"4900","AT4G01920"
"4901","AT5G11970"
"4902","AT2G16630"
"4903","AT1G55380"
"4904","AT4G19925"
"4905","AT4G39235"
"4906","AT1G74520"
"4907","AT4G02075"
"4908","AT4G02940"
"4909","AT5G63530"
"4910","AT2G35260"
"4911","AT4G26910"
"4912","AT2G35150"
"4913","AT1G36675"
"4914","AT1G65250"
"4915","AT4G12390"
"4916","AT4G22960"
"4917","AT3G48200"
"4918","AT3G18970"
"4919","AT4G21610"
"4920","AT1G47900"
"4921","AT5G21900"
"4922","AT1G61500"
"4923","AT4G30250"
"4924","AT1G09570"
"4925","AT1G67940"
"4926","AT3G53890"
"4927","AT4G09350"
"4928","AT1G62380"
"4929","AT5G12140"
"4930","AT2G22900"
"4931","AT5G48550"
"4932","AT1G31935"
"4933","AT5G56840"
"4934","AT2G17070"
"4935","AT1G22480"
"4936","AT1G65010"
"4937","AT3G61920"
"4938","AT5G58360"
"4939","AT5G24300"
"4940","AT1G23090"
"4941","AT1G53163"
"4942","AT4G30700"
"4943","AT2G42580"
"4944","AT1G16515"
"4945","AT4G14960"
"4946","AT2G40110"
"4947","AT5G48300"
"4948","AT2G29750"
"4949","AT3G44750"
"4950","AT2G04700"
"4951","AT2G29250"
"4952","AT3G27025"
"4953","AT2G41290"
"4954","AT3G29030"
"4955","AT3G05970"
"4956","AT1G16780"
"4957","AT3G24927"
"4958","AT1G68890"
"4959","AT4G21970"
"4960","AT3G20600"
"4961","AT3G60130"
"4962","AT5G53030"
"4963","AT5G03890"
"4964","AT1G65040"
"4965","AT5G67280"
"4966","AT2G31725"
"4967","AT4G00530"
"4968","AT4G09895"
"4969","AT2G22942"
"4970","AT1G68520"
"4971","AT5G41060"
"4972","AT2G03440"
"4973","AT3G13175"
"4974","AT1G64740"
"4975","AT1G75500"
"4976","AT5G13150"
"4977","DA397_mgp40"
"4978","AT1G30280"
"4979","AT3G12685"
"4980","AT4G37710"
"4981","AT3G27060"
"4982","AT1G31840"
"4983","AT1G78020"
"4984","AT1G10930"
"4985","AT1G48260"
"4986","AT2G00450"
"4987","AT2G17705"
"4988","AT1G18830"
"4989","AT3G26980"
"4990","AT5G51560"
"4991","AT4G03540"
"4992","AT4G15140"
"4993","AT4G27220"
"4994","AT3G60530"
"4995","AT3G57800"
"4996","AT1G75960"
"4997","AT3G16360"
"4998","AT4G03610"
"4999","AT4G21990"
"5000","ArthCp009"
