,rowname,baseMean,log2FoldChange,lfcSE,stat,pvalue,padj,entrez,symbol,diffexpressed
839580,AT1G01010,321.014213695856,1.28129633353652,0.239500385738171,5.3498716905503,8.80166126699078e-08,1.79529440787537e-06,839580,ANAC001,UP
839574,AT1G01040,719.480874224127,1.39194931866907,0.233139857276351,5.97044767432935,2.36603459176397e-09,7.48344199866833e-08,839574,ASU1,UP
838832,AT1G01340,950.011018823237,1.1368935065014,0.246020603439848,4.62113128171142,3.81653157948613e-06,4.71533225824453e-05,838832,ACBK1,UP
839347,AT1G01600,19.3499683814228,1.49079455788024,0.316478473529417,4.71057175312642,2.47022810054199e-06,3.26630379548237e-05,839347,CYP86A4,UP
839461,AT1G01660,23.7126425760299,1.56598381631298,0.295007880584483,5.3082779117981,1.10665818826098e-07,2.19118672620746e-06,839461,PUB55,UP
839251,AT1G01680,600.299133479065,1.02639454117211,0.287535010151369,3.56963327920236,0.000357481308447541,0.00225416987879602,839251,ATPUB54,UP
839288,AT1G02010,118.337764868682,1.17387496727062,0.243460815384522,4.8216176612101,1.4239868639795e-06,2.01083375811567e-05,839288,SEC1A,UP
839275,AT1G02065,6.62325764196395,2.12103785725014,0.573256027123184,3.69998352724578,0.000215613461983253,0.00146416428915816,839275,SPL8,UP
837602,AT1G02205,91.7233323081955,1.07510612241637,0.370776083952893,2.89961022014828,0.00373626957868599,0.0157343304432945,837602,CER1,UP
839390,AT1G02250,4.73690744809092,1.80279056704533,0.517502469251167,3.48363664748112,0.000494650537107706,0.00293157295720894,839390,anac005,UP
839353,AT1G02520,14.2692758410567,2.03709634423759,0.411622207201872,4.94894665204139,7.461619332383e-07,1.14068780126453e-05,839353,ABCB11,UP
839323,AT1G03060,907.309510468939,1.09116166629948,0.200049890151076,5.45444771539462,4.91252863660367e-08,1.08002089157427e-06,839323,BCHA1,UP
839369,AT1G03920,6.48068138470329,1.93607417752342,0.528468932051569,3.6635534467606,0.000248740284275131,0.00164598970330335,839369,NDR2,UP
839246,AT1G04160,87.2080508086796,1.38353504242193,0.300047576971497,4.61105220840813,4.00635893229312e-06,4.90489027708517e-05,839246,ATXIB,UP
839457,AT1G04650,27.8392779488448,1.1851877448896,0.407356687972628,2.90945939979077,0.00362054408897013,0.0153349290013311,839457,FLIP,UP
839418,AT1G04770,539.767219582495,1.33928740095783,0.31404438538341,4.26464367233544,2.00221475009415e-05,0.000193620670455768,839418,SDI2,UP
837054,AT1G05520,737.696768927407,1.04058045359183,0.151855251875545,6.85244955798206,7.25959888868315e-12,3.89103902478835e-10,837054,AtSEC23B,UP
837101,AT1G05910,1161.95077207897,1.61628963570329,0.226681355994768,7.13022748876003,1.00203176694989e-12,6.43549789916596e-11,837101,BRAT1,UP
837111,AT1G06020,6.2141959225645,1.21449349177846,0.499393716502252,2.4319358687265,0.0150183661991964,0.0485244337052063,837111,FRK3,UP
837112,AT1G06030,7.21368541638234,1.42967958539269,0.507329952495838,2.81804687138874,0.0048316755994548,0.0194298980979171,837112,FRK2,UP
837119,AT1G06100,3.52800046673235,1.94687888443249,0.765423423691131,2.54353188597754,0.0109738040577702,0.0377356784419379,837119,ADS1.3,UP
837327,AT1G08090,145.291430310553,4.02018114025856,0.465657672270376,8.63334028334084,5.95858356084674e-18,9.17913547285964e-16,837327,ACH1,UP
837353,AT1G08320,15.5047024474873,1.69164932608741,0.386875306940791,4.37259575821494,1.22777935627253e-05,0.000128794054472989,837353,bZIP21,UP
837408,AT1G08860,19.330640259062,1.36372673105323,0.307002920496064,4.44206435837705,8.90998994544863e-06,9.82865140251817e-05,837408,BON3,UP
837412,AT1G08910,324.723613900139,1.21821088665184,0.155536444703749,7.83231794305296,4.789564562404e-15,4.50894520278623e-13,837412,PIAL1,UP
837430,AT1G09090,9.21883446102053,2.9089470073638,0.517698153279611,5.61900209404971,1.92063529087712e-08,4.75924351211835e-07,837430,ATRBOHB,UP
837438,AT1G09180,77.7972719620248,1.48567378558682,0.315329009287518,4.71150367339715,2.45895664141152e-06,3.25530984697443e-05,837438,ATSAR1,UP
837465,AT1G09420,91.2448153315785,1.23774455532382,0.360559071602169,3.43284818718834,0.000597276427889527,0.00344434618585821,837465,G6PD4,UP
837480,AT1G09540,17.6425254402191,2.62681946165876,0.367690724459819,7.14410042711267,9.0587156468208e-13,5.86924844070045e-11,837480,ATMYB61,UP
837525,AT1G09930,283.675183959362,2.72487364516525,0.248428967731226,10.9684215574783,5.4210474946964e-28,2.54085649490781e-25,837525,ATOPT2,UP
837651,AT1G11100,37.0246889706887,1.67021167007372,0.279719240296931,5.97102890848957,2.35761959430144e-09,7.4728060493333e-08,837651,FRG5,UP
837657,AT1G11160,12.9285685983531,1.13217182295768,0.454912951475918,2.48876586011559,0.0128187355282809,0.0427013344854831,837657,KTN80.1,UP
837831,AT1G12750,292.576686326754,1.17321286000035,0.191792329789926,6.11709999709265,9.52935740218225e-10,3.30066374548228e-08,837831,ATRBL6,UP
837852,AT1G12940,129.419695746025,2.08617380246017,0.424814930196097,4.9107826824664,9.07135789996731e-07,1.35296508583873e-05,837852,ATNRT2.5,UP
837853,AT1G12950,14.51045984632,2.58846668659924,0.601946830122954,4.30015834798984,1.70676111540174e-05,0.000169514159653674,837853,AtDTX31,UP
837855,AT1G12970,266.012033586021,1.07710769787702,0.204532510366391,5.2661931149602,1.3928176994377e-07,2.67734564580393e-06,837855,PIRL3,UP
837871,AT1G13140,7.96439202586003,1.12474956444401,0.440194414265184,2.55512002877537,0.010615118658694,0.0368426735359021,837871,CYP86C3,UP
837873,AT1G13150,13.3126243653619,1.48478667924076,0.426497792761696,3.48134669027555,0.000498899289459977,0.00295119560889201,837873,CYP86C4,UP
837890,AT1G13300,9.23185352877265,1.22971007437021,0.466451362445314,2.63630932049079,0.0083813290775118,0.0304673759485986,837890,AtNIGT1,UP
837947,AT1G13880,2192.73516036102,2.15910582982825,0.2391548040005,9.02806798655712,1.74729268180414e-19,3.26195851588673e-17,837947,ELM2,UP
838016,AT1G14540,68.0010307864679,1.22914370950365,0.398024119084662,3.08811363575232,0.00201431430563588,0.00948962645238838,838016,PER4,UP
838043,AT1G14780,129.886627651206,1.74255142531179,0.419714470523286,4.15175446092969,3.2993614369372e-05,0.000296296914367263,838043,MACP1,UP
838122,AT1G15520,5768.35511364299,1.09955868445048,0.34972965360747,3.14402474342254,0.00166641348788,0.00809290624438021,838122,ABCG40,UP
838166,AT1G15960,35.4883963789332,1.27097146085109,0.407625833219713,3.11798555751992,0.00182091726401159,0.00872211054770847,838166,ATNRAMP6,UP
838179,AT1G16090,541.985622526552,1.51175025859302,0.295263699712373,5.12000039309158,3.05535019722155e-07,5.28721991316524e-06,838179,WAKL7,UP
838224,AT1G16540,255.646209415912,1.05608601152865,0.19775097550792,5.34048445938689,9.26985242630207e-08,1.87861618306355e-06,838224,ABA3,UP
838297,AT1G17260,18.3491432695337,1.31984896271947,0.307409719467452,4.2934522857831,1.75916133552039e-05,0.000173856281113408,838297,AHA10,UP
838335,AT1G17590,75.3506741433963,1.01632540354571,0.161019873444382,6.31180103303688,2.75806678012085e-10,1.09670492958993e-08,838335,NF-YA8,UP
838399,AT1G18200,113.367666605849,1.23692412298512,0.336801506225695,3.67256113800229,0.000240131675897121,0.00159853780263332,838399,AtRABA6b,UP
838685,AT1G20920,670.661273237182,1.46172637975357,0.270722451465702,5.39935410543057,6.6881247847859e-08,1.41666058542354e-06,838685,RCF1,UP
838831,AT1G22260,8.41577473491561,1.34627475122318,0.413159083294332,3.25849002396034,0.00112006814325079,0.00584830081243698,838831,AtZYP1a,UP
838965,AT1G23550,120.186623979664,1.2421478080488,0.278605238402297,4.45845101539395,8.25540572433407e-06,9.1894053916804e-05,838965,SRO2,UP
839015,AT1G24030,9.6310764194004,1.26238749617282,0.38389956354436,3.28832751076297,0.00100784521346588,0.00536146394770341,839015,PBL28,UP
839019,AT1G24070,56.3513550455121,1.09622072084395,0.250499574301971,4.37613805891136,1.20800517523491e-05,0.000126780114365173,839019,ATCSLA10,UP
839154,AT1G26130,536.669280211769,1.08739018751109,0.189596979801689,5.7352716728318,9.73561657714944e-09,2.61863122805891e-07,839154,ALA12,UP
839165,AT1G26240,30.0007685310357,1.6912254339191,0.293356654984742,5.76508289545049,8.16177148865920e-09,2.27014727428881e-07,839165,EXT19,UP
839181,AT1G26390,3175.13816379988,1.54281529363646,0.310835749634291,4.96344225351055,6.92546389120832e-07,1.06910332207027e-05,839181,AtBBE4,UP
839182,AT1G26400,11.4827611464563,2.54285992940476,0.444423858519117,5.72169986075439,1.05463498042911e-08,2.81606714956035e-07,839182,AtBBE5,UP
839593,AT1G27040,3.29039622195699,1.78643113613516,0.716813394614806,2.49218436702782,0.0126960116187717,0.0423501574727321,839593,AtNPF4.5,UP
839626,AT1G27370,91.2454652343974,1.14612448456456,0.339656295455069,3.37436549800731,0.000739860617178634,0.00412031532605991,839626,SPL10,UP
839655,AT1G27630,277.790794349322,1.03251287638967,0.39478865356281,2.61535600649019,0.00891344959091729,0.0320160412584897,839655,CYCT1;3,UP
839665,AT1G27720,30.7855567742451,1.17182452098921,0.217379291668654,5.39069067708342,7.01873977013781e-08,1.47534177859128e-06,839665,TAF4,UP
839687,AT1G27940,14.2097466040657,1.6702096279246,0.459263897781591,3.63671003967939,0.000276142482953449,0.00180508687150787,839687,ABCB13,UP
839797,AT1G29230,17.6214490179373,1.74580917913833,0.446442062762323,3.91049438383177,9.21074020015306e-05,0.00071722656722931,839797,ATCIPK18,UP
839837,AT1G29600,8.72138757880757,1.62167700738062,0.561797865902927,2.88658449204723,0.00389448165031269,0.0162946887511373,839837,AtC3H10,UP
839890,AT1G30110,116.775692612644,1.97640989606662,0.283717706004423,6.96611404307568,3.25815064313843e-12,1.87398956965265e-10,839890,ATNUDX25,UP
839902,AT1G30220,121.80957216919,1.52019755697822,0.310259523733,4.89976113766764,9.59532387001832e-07,1.42346761985816e-05,839902,ATINT2,UP
839920,AT1G30400,2659.14580732157,1.16135299211011,0.124559077034477,9.3237122477124,1.12339432981413e-20,2.57783892619537e-18,839920,ABCC1,UP
839922,AT1G30420,379.15589194055,1.52033889501405,0.273644528019696,5.55588999354892,2.76200787697094e-08,6.55649477605525e-07,839922,ABCC11,UP
839942,AT1G30620,759.838739854989,1.36111016527723,0.3062945917066,4.44379431479171,8.83861069540151e-06,9.7645814949348e-05,839942,HSR8,UP
839952,AT1G30720,1166.44769634604,1.53356414455402,0.435110397646159,3.52454033010985,0.000424218232410915,0.00259442072231539,839952,AtBBE10,UP
839953,AT1G30730,939.48491107918,2.44533035429682,0.494835543102102,4.94170313427194,7.74430721370389e-07,1.17654719731505e-05,839953,AtBBE11,UP
839954,AT1G30740,7.57115359180602,2.0462536912347,0.467998580627346,4.37235020775432,1.22916148014454e-05,0.000128877668948615,839954,AtBBE12,UP
840017,AT1G31290,102.73678449974,1.75399569150304,0.46271403005845,3.79066891764979,0.000150242114454862,0.00107631985018737,840017,AGO3,UP
840048,AT1G31600,331.955430133972,1.07270980865521,0.160601318101557,6.6793337771791,2.40030917239636e-11,1.16211891777406e-09,840048,AtTRM9,UP
840079,AT1G31885,18.6753884819765,1.11477281536431,0.42093168377685,2.64834617665723,0.00808866502797356,0.0296234749627979,840079,NIP3;1,UP
840085,AT1G31950,8.62836188107279,1.30448629867782,0.451877503683167,2.88681398840438,0.00389164228777593,0.0162889963818005,840085,TPS29,UP
840232,AT1G33390,276.188319035495,1.31075898981811,0.215887392261781,6.07149392137131,1.26725759372158e-09,4.30808912532293e-08,840232,ATFAS4,UP
840324,AT1G34245,8.5809404788647,1.141572956279,0.411640568392789,2.77322752890019,0.00555032985798896,0.0217869238135493,840324,EPF2,UP
840348,AT1G34460,17.1358148484334,2.1943561330783,0.391353190420591,5.60709912884575,2.05745833413689e-08,5.02480594708443e-07,840348,CYC3,UP
840522,AT1G36180,125.215520724095,1.17598042911787,0.350077992799662,3.35919553158215,0.000781697364955545,0.0043201232445072,840522,ACC2,UP
840948,AT1G43640,2.6848099842485,2.46233929690345,0.757826765346858,3.24921130989143,0.00115725477015355,0.00601821655611723,840948,AtTLP5,UP
841026,AT1G44350,737.759002931676,1.58015719168208,0.496014111987756,3.1857101511682,0.00144399187250909,0.00718376173430503,841026,ILL6,UP
841101,AT1G45616,5.14876422501982,4.74949001890134,1.19082257610994,3.98841113209029,6.65173118841225e-05,0.000542707356850123,841101,AtRLP6,UP
841165,AT1G47560,78.6430469326319,1.25492309167852,0.195209856483706,6.42858467437715,1.28797501823417e-10,5.40434317651057e-09,841165,SEC3B,UP
841237,AT1G48175,98.3087364189875,1.06946368774299,0.179840363732433,5.94673890525568,2.73537194290965e-09,8.47503636151289e-08,841237,AtTAD2,UP
841256,AT1G48360,113.182102135738,1.04562264878687,0.204568130367199,5.1113663057387,3.19837133382763e-07,5.50015004784456e-06,841256,FAN1,UP
841257,AT1G48370,113.120636889635,1.36310548166602,0.413352124076708,3.29768592507115,0.000974851102486125,0.00521617559792734,841257,YSL8,UP
841272,AT1G48510,14.559085261596,1.71346210746474,0.531050385403445,3.2265527990588,0.00125291113416568,0.00641123794995026,841272,AtSURF1b,UP
841369,AT1G49450,254.654342660538,2.76033702072648,0.49990898108525,5.52167919594899,3.35775130466153e-08,7.78609510425146e-07,841369,AIW2,UP
841567,AT1G51420,11.0687886866684,1.89663296245166,0.478455924503304,3.96407038834475,7.36825110432106e-05,0.000594997080561175,841567,ATSPP1,UP
841571,AT1G51460,17.1921906915564,1.26117295226557,0.386585514756995,3.26233887231479,0.0011049696846603,0.00578592279139094,841571,ABCG13,UP
841592,AT1G51670,14.0899022709645,1.43983524696935,0.384384769488959,3.74581763185782,0.000179807181773878,0.00125825044704471,841592,HTT5,UP
841609,AT1G51820,262.761400645823,1.49110292397715,0.369059351976172,4.04027947264543,5.33875447856302e-05,0.000449397869347592,841609,SIF4,UP
841612,AT1G51850,110.112456049585,1.29755896256697,0.370618016195478,3.50106823161718,0.000463397185012872,0.00278227762023673,841612,SIF2,UP
841689,AT1G52570,34.981166482279,1.63574260421391,0.387816660580234,4.21782447862498,2.46670708599203e-05,0.000231427131164048,841689,PLDALPHA2,UP
841782,AT1G53470,124.574009100134,3.28605800192447,0.389012652638239,8.44717512306812,2.98435897698931e-17,4.08338160895015e-15,841782,MSL4,UP
841820,AT1G53830,54.2929905595577,2.78139085530311,0.521015227534288,5.33840607397614,9.37672613151156e-08,1.89504495367952e-06,841820,ATPME2,UP
841944,AT1G55020,502.031627279659,1.23866338957486,0.411482917702755,3.01024255512265,0.00261039136839577,0.0117260015200633,841944,ATLOX1,UP
842066,AT1G56140,356.21088218952,1.10558859909365,0.264254424409817,4.1838035505474,2.8667186353647e-05,0.000262254754229439,842066,IGP4,UP
842191,AT1G58230,566.266588672331,1.00567547237235,0.179278901099616,5.60955843774136,2.02843495829616e-08,4.9649326329229e-07,842191,BCHB,UP
842206,AT1G58370,10.2784436659779,1.38834076038608,0.422900279430993,3.28290338860517,0.00102743870731405,0.00544204070291445,842206,ATXYN1,UP
3767578,AT1G60260,271.350133197989,1.16060577599603,0.210166650950715,5.52231179754678,3.34568087891427e-08,7.76628072514251e-07,3767578,BGLU5,UP
3767579,AT1G60270,169.372044355661,1.30249347327782,0.412018146660507,3.16125268713236,0.00157092155843732,0.00769702647037718,3767579,BGLU6,UP
842342,AT1G60470,83.9868544888799,1.72142617965261,0.315036468757457,5.46421240195501,4.649665384008e-08,1.03566712582722e-06,842342,AtGolS4,UP
842368,AT1G60740,8.61971008465106,1.77321450903467,0.440245167632792,4.02778869457962,5.63039108324419e-05,0.000469462093765277,842368,PRXIID,UP
842384,AT1G60930,42.9548474898738,1.00142063540887,0.244992198312355,4.08756132769624,4.35931458250368e-05,0.000379270698807162,842384,ATRECQ4B,UP
842450,AT1G61560,246.175730451848,1.55404478311771,0.330020624139642,4.70893231951512,2.49017732521068e-06,3.2885068989013e-05,842450,ATMLO6,UP
842529,AT1G62310,271.423596553755,1.48921186610631,0.238005089680546,6.25705890619884,3.92305265102983e-10,1.51085536450238e-08,842529,JMJ29,UP
842568,AT1G62700,8.23219171941436,1.87723611797906,0.488227243198832,3.84500484995375,0.000120550054207035,0.000895346306178949,842568,ANAC026,UP
842613,AT1G63100,73.4958677405455,1.14419065620431,0.261849993082812,4.36964172782106,1.24450547738922e-05,0.000130053183877643,842613,SCL28,UP
842796,AT1G64880,5194.05270086494,3.17986485769869,0.314549447072677,10.1092686294374,5.02580499581039e-24,1.72989778519855e-21,842796,uS5m,UP
842802,AT1G64940,51.7757498597528,3.57246014328929,0.476509849877937,7.49713808477288,6.52262567276498e-14,4.98741336885647e-12,842802,CYP89A6,UP
842803,AT1G64950,2926.20523241672,1.65387424597671,0.260140745604854,6.35761323021997,2.04912618022882e-10,8.2826056191304e-09,842803,CYP89A5,UP
842857,AT1G65450,16.3458431225231,1.64042921273885,0.534655428957449,3.06819892568491,0.00215353210125845,0.0100275118703493,842857,GLC,UP
842945,AT1G66280,48.8409645374272,2.23386278754813,0.665393566695908,3.35720526821539,0.000787346359851235,0.00434371474108762,842945,BGLU22,UP
842991,AT1G66730,156.173402011371,1.00665125794995,0.282051605287314,3.5690321880087,0.000358302406621691,0.00225708999584479,842991,AtLIG6,UP
843014,AT1G66960,685.591646422125,1.75790040341072,0.222076338640569,7.91574831506875,2.45770346155281e-15,2.49496541726022e-13,843014,LUP5,UP
843032,AT1G67120,400.521556213219,1.44632247686171,0.469773470723419,3.07876576051532,0.00207860042827308,0.00974822372291245,843032,AtMDN1,UP
843034,AT1G67140,551.057972006702,1.02733958186319,0.191526310654646,5.3639605877213,8.14166759949899e-08,1.66995154142796e-06,843034,SWEETIE,UP
843038,AT1G67180,16.9393442309593,1.30963834791568,0.356577792022415,3.67279841093791,0.000239908739459362,0.00159762685052911,843038,STUbL2,UP
843049,AT1G67290,2.77050535455375,3.92543531024227,1.10286678381356,3.5593014204931,0.000371842570479178,0.00232707954121756,843049,GLOX1,UP
843143,AT1G68150,35.0501410755698,2.31083451012242,0.462549836344047,4.99586061555454,5.85739569626445e-07,9.24964658014406e-06,843143,ATWRKY9,UP
843203,AT1G68725,6.31760982418241,1.0717298292123,0.435214197717236,2.46253416095726,0.0137959029972076,0.0453664647149555,843203,AGP19,UP
843276,AT1G69440,184.764639374953,1.56109658043186,0.223892317556376,6.97253303494338,3.11284531893862e-12,1.79981284858002e-10,843276,AGO7,UP
843282,AT1G69490,2759.09481233188,1.11275499500553,0.454519867553123,2.44819880150888,0.014357241368252,0.0467379444511932,843282,ANAC029,UP
843303,AT1G69670,320.643477099474,1.32487911125048,0.127517497388059,10.3897828799026,2.75980631386308e-25,1.06659251382614e-22,843303,ATCUL3B,UP
843308,AT1G69720,456.507896837622,1.03045899171463,0.217291539175857,4.74228769156387,2.11318240907795e-06,2.84891648039033e-05,843308,HO3,UP
843310,AT1G69740,3145.28048248369,1.70295895892024,0.127845191164172,13.3204772382357,1.75978979625651e-40,2.04033733798603e-37,843310,ALAD1,UP
843311,AT1G69750,416.77137957986,2.26206248954472,0.225002600012497,10.053494890366,8.86659185186761e-24,3.00495618315064e-21,843311,ATCOX19-2,UP
843313,AT1G69770,183.001614604139,1.75245407284252,0.243348422541343,7.20141948955839,5.95889084800216e-13,3.97783049971635e-11,843313,CMT3,UP
843315,AT1G69790,204.404422632937,1.6042991340471,0.373855720766096,4.29122531750914,1.7768990416032e-05,0.000175216244348598,843315,PBL18,UP
843317,AT1G69810,174.711147959671,1.48586350649047,0.224480397464554,6.61912364408161,3.61334535117314e-11,1.70082018677336e-09,843317,ATWRKY36,UP
843319,AT1G69830,1541.05592480474,1.29029602559343,0.361327189851673,3.57099067502533,0.000355633557770162,0.00224670250763375,843319,AMY3,UP
843350,AT1G70140,300.923455136787,1.64334694531655,0.371927899244583,4.41845569707013,9.9408651574408e-06,0.000107879275095242,843350,ATFH8,UP
843353,AT1G70170,83.770495735556,1.06183176112699,0.302870852027631,3.5058895698227,0.00045508398871387,0.00274058096975884,843353,At2-MMP,UP
843380,AT1G70440,8.8479557833825,1.3969856236712,0.511126073332984,2.73315273189185,0.00627312356202458,0.0240457001823281,843380,SRO3,UP
843474,AT1G71330,18.8983185418756,1.61408726983274,0.314783608105994,5.12760902495675,2.93445050179527e-07,5.11011937581408e-06,843474,ATNAP5,UP
843660,AT1G73260,15111.7319654388,1.79917873988505,0.449918802620743,3.99889653289655,6.36384908973038e-05,0.000522038158142337,843660,ATKTI1,UP
843665,AT1G73310,55.0272962918449,1.31673053583099,0.231558082269017,5.68639419936657,1.29749706200743e-08,3.38655957096702e-07,843665,scpl4,UP
843671,AT1G73360,33.4717573799269,1.16517703724246,0.400203162612919,2.91146384160244,0.00359739541779914,0.0152603550276713,843671,AtEDT1,UP
843757,AT1G74170,279.453898382625,1.11975807931734,0.202806422024198,5.5213147006939,3.36472526690383e-08,7.79406234538638e-07,843757,AtRLP13,UP
843820,AT1G74810,81.8690897204493,1.46451311655148,0.251265952434052,5.82853785944542,5.5915112665678e-09,1.61396131229365e-07,843820,BOR5,UP
843838,AT1G75000,602.00943734691,1.08561000239448,0.321777712136393,3.37378867910627,0.000741412608835151,0.00412643789362008,843838,ELO3,UP
843849,AT1G75120,26.3500875137561,1.17309645965922,0.398700777818197,2.94229789587754,0.00325786363258684,0.0140500152627752,843849,RRA1,UP
843864,AT1G75270,408.929123733341,1.08156561688952,0.221641879139206,4.8797890592248,1.06199365955503e-06,1.55964388842252e-05,843864,DHAR2,UP
843916,AT1G75830,7.59236303219294,1.82641119274874,0.414074268606617,4.41082996751939,1.02975156650345e-05,0.000110763658488791,843916,LCR67,UP
843976,AT1G76430,8.30262518603795,1.53601390370236,0.42556249217065,3.60937331640218,0.000306937624665619,0.00198227174839018,843976,PHT1;9,UP
843986,AT1G76530,20.6113274060121,1.80637863638008,0.634952213713861,2.84490485640564,0.00444246903820921,0.0181463286561674,843986,PILS4,UP
843997,AT1G76640,37.4538444396136,1.99317933323779,0.48352872224845,4.1221529177612,3.75347892123197e-05,0.000332871928968676,843997,CML39,UP
844068,AT1G77320,74.5663241051454,1.06071291199012,0.299190827122495,3.54527216690316,0.000392207884614578,0.00243790843402216,844068,MEI1,UP
844104,AT1G77680,567.290277556724,1.18848325441101,0.203921472858221,5.82814177316835,5.60479551457007e-09,1.61396131229365e-07,844104,AtRRP44B,UP
844143,AT1G78080,2292.87351989562,1.02715656923923,0.18673760727746,5.50053406067828,3.78642596116514e-08,8.62576809705345e-07,844143,AtWIND1,UP
844207,AT1G78710,1.73813729663634,2.71398547356326,1.04659096031302,2.59316731796684,0.00950964934382513,0.0337014262218668,844207,TBL42,UP
844220,AT1G78830,8820.65252930919,1.61215870648295,0.457586562359719,3.52317755610926,0.000426405594326745,0.00260418320970997,844220,CCLP,UP
844317,AT1G79780,6.09837094989531,1.73461743017832,0.553567321628199,3.13352570212475,0.00172719791238684,0.00835311587529524,844317,CASPL3A2,UP
844398,AT1G80590,23.7561288378978,2.76474993928439,0.514435193952583,5.37434058125351,7.6863452761275e-08,1.59437382380238e-06,844398,ATWRKY66,UP
814702,AT2G01730,8.61630694011472,1.03897768668163,0.41631473078698,2.49565439281383,0.0125725029145181,0.0420272635362547,814702,ATCPSF73-II,UP
814719,AT2G01880,1.74328177134403,4.36210266992938,1.1441068511887,3.81267070064064,0.000137473220276882,0.000995978869496624,814719,ATPAP7,UP
3768365,AT2G01905,2.61651952891667,2.90654873137701,1.05176692060705,2.76349129681643,0.00571866174023246,0.0223204109630724,3768365,CYCJ18,UP
814766,AT2G02350,65.4068520999474,1.04270401995363,0.194680130244646,5.35598583503778,8.5091175396872e-08,1.74369628169088e-06,814766,AtPP2-B9,UP
814931,AT2G04032,12.0594196002603,1.38237497112843,0.427055007066174,3.23699511363936,0.00120795480102929,0.00622748334001269,814931,ZIP7,UP
815069,AT2G05210,133.619064026462,1.29940869496954,0.239898772927665,5.41648745890559,6.078125179706e-08,1.29995164644411e-06,815069,ATPOT1,UP
815147,AT2G05940,2264.96035424428,1.02666353310795,0.270960375179474,3.78898033495829,0.000151266885992685,0.00108190202322495,815147,PBL14,UP
815657,AT2G11810,46.4942525245517,1.60327238403712,0.573694273071897,2.79464596265229,0.0051956580106925,0.0206188345014493,815657,ATMGD3,UP
815840,AT2G13540,337.427585849982,1.02707648681774,0.148450571667568,6.91864285384978,4.55990827570087e-12,2.543043529251e-10,815840,ABH1,UP
815997,AT2G15080,1256.78281636721,1.2173309837538,0.27908451876637,4.36187212796588,1.28954234456482e-05,0.000134011338760125,815997,AtRLP19,UP
816270,AT2G17630,261.957930088751,2.65656042795775,0.31466222714517,8.44257810052346,3.10413882635083e-17,4.19515792672898e-15,816270,PSAT2,UP
816303,AT2G17930,928.294486392649,1.10891837793226,0.269357624223439,4.11689990632078,3.8400274311028e-05,0.000339454110271925,816303,TRA1a,UP
816380,AT2G18650,35.9526137483216,1.66662017471284,0.336517583870885,4.95255004372159,7.32472108215104e-07,1.12365097993527e-05,816380,ATL49,UP
816436,AT2G19190,1519.24903005203,1.14038647504831,0.319842097940183,3.56546709264516,0.000363208735311118,0.00228277467337193,816436,FRK1,UP
816468,AT2G19490,79.1880727203317,1.35325981464246,0.314500334964842,4.30288830946315,1.68585847323374e-05,0.000167892297951474,816468,RECA2,UP
816469,AT2G19500,677.567717117233,3.7220405865728,0.537432245283951,6.92559968113984,4.34132513035356e-12,2.44590924032119e-10,816469,ATCKX2,UP
816509,AT2G19900,26.5947090016183,2.37190046042801,0.801457320623986,2.95948442841763,0.00308154274760432,0.0134422763035799,816509,ATNADP-ME1,UP
816521,AT2G20020,605.887121049751,1.23209574165271,0.373375256443473,3.29988589332041,0.000967241472033783,0.00518301201348387,816521,ATCAF1,UP
816612,AT2G20815,38.8899368348184,1.93650179149533,0.280746120086455,6.8976974317543,5.28521629532876e-12,2.93269596397474e-10,816612,QWRF3,UP
816649,AT2G21140,94.0005001206217,1.37197346551341,0.23405592590591,5.86173351605264,4.58059725622444e-09,1.341834799965e-07,816649,ATPRP2,UP
816699,AT2G21610,54.455513218693,3.79261517702283,0.403123897202325,9.4080633853352,5.05362001329906e-21,1.23695772525517e-18,816699,ATPE11,UP
816726,AT2G21900,50.9429260409404,1.21908826062129,0.246939089373359,4.9367974252877,7.9415885319058e-07,1.20205222161308e-05,816726,ATWRKY59,UP
816779,AT2G22470,1009.15620414384,1.94699297889438,0.560485738435463,3.47376007162859,0.000513219727674583,0.00302615561588421,816779,AGP2,UP
816814,AT2G22830,119.272520940075,1.17891662158641,0.317705121821886,3.71072589206586,0.000206665787864277,0.00141430277752785,816814,SQE2,UP
816823,AT2G22920,16.6527124877377,1.00566928839018,0.36853342595953,2.72884144978647,0.00635572538127651,0.0242946858275447,816823,FPT1,UP
816828,AT2G22970,381.484779460805,1.17402476797601,0.162022793697501,7.24604693687685,4.29111458383182e-13,2.95403009897597e-11,816828,SCPL11,UP
816887,AT2G23550,6.74452869341476,1.29298297396605,0.51706748956712,2.50060775441231,0.0123980410266079,0.0415808307857057,816887,ABE1,UP
816948,AT2G24140,11.8984589908972,1.01809006640899,0.3600019817697,2.82801239427699,0.00468379931083209,0.0189320027556551,816948,MRF7,UP
816952,AT2G24180,2296.78680057533,1.16748872658497,0.168618522051927,6.9238462796242,4.39542864908005e-12,2.47007392118838e-10,816952,CYP71B6,UP
817006,AT2G24700,10.0919026366248,1.18989464914982,0.3975329466285,2.99319756825538,0.00276070971600105,0.0122953537008867,817006,REM32,UP
817010,AT2G24740,11.0495298297738,1.0517390433916,0.352811834447095,2.98101974113148,0.00287290272396715,0.0127184835422573,817010,SDG21,UP
817171,AT2G26310,45.4602255816514,1.19200599135132,0.279797655335618,4.26024295994014,2.04204803592414e-05,0.000196867729467715,817171,AtFAP2,UP
817261,AT2G27190,638.744190580685,1.00631221595463,0.154587744021718,6.50965069917347,7.53257541839766e-11,3.29890862608115e-09,817261,ATPAP12,UP
817375,AT2G28290,1444.24925424543,1.00867096438506,0.214007601543201,4.713248301049,2.4379881830645e-06,3.23143451773333e-05,817375,CHR3,UP
817442,AT2G28930,347.254690094511,1.35720734300062,0.272060862140442,4.98861663644956,6.08131909185087e-07,9.53490236828347e-06,817442,APK1B,UP
817474,AT2G29250,2.06195821121889,4.05496949662683,1.09930771788694,3.68865735284855,0.000225440584222038,0.00151872496324993,817474,LecRK-III.2,UP
817539,AT2G29890,84.8692888345114,1.03495398620043,0.290960864191291,3.55702128214743,0.000375083779680111,0.00234469937076424,817539,ATVLN1,UP
817604,AT2G30550,5759.94094868326,1.40297942535242,0.223507166505501,6.27711159014621,3.4492053878389e-10,1.35200258876696e-08,817604,DALL3,UP
817682,AT2G31250,5.182876583191,1.73313544964235,0.615355866902918,2.81647668098984,0.00485535675403343,0.0195108817830358,817682,HEMA3,UP
817740,AT2G31830,12.0460084587942,1.56654969107435,0.539578438725702,2.90328445067968,0.00369271070197298,0.0155886119802832,817740,5PTase14,UP
817748,AT2G31900,17.1729964548375,1.51503132008636,0.414439459018688,3.65561552385398,0.000256565636919562,0.00169268775552592,817748,ATMYO5,UP
817756,AT2G31970,248.516783409191,1.16133564908437,0.255193165777196,4.55081015021501,5.34397507481191e-06,6.26498361978606e-05,817756,ATRAD50,UP
817778,AT2G32190,970.301401283502,1.34526892142798,0.451495892543674,2.97958174956787,0.00288642198932401,0.0127706346661616,817778,AthCYSTM4,UP
817784,AT2G32240,1336.30523090664,1.02427200389731,0.252005476504245,4.06448311404081,4.81390237114263e-05,0.000412307369105369,817784,PICC,UP
817816,AT2G32550,17.681519414868,1.70095199871331,0.493460704568505,3.44698571328119,0.000566878558654633,0.00329666519762484,817816,NOT9c,UP
817886,AT2G33240,5.67627487139567,2.10875961332055,0.586742309351362,3.59401321450938,0.000325623310872376,0.00208461375042359,817886,ATXID,UP
817954,AT2G33850,98.0063858706735,1.20803351205242,0.308944828055183,3.91019173118068,9.22228890453659e-05,0.000717623200096551,817954,E6L1,UP
817961,AT2G34000,13.7335091540521,3.04252696015777,0.468693701813133,6.49150382944726,8.49837505166353e-11,3.69251881682635e-09,817961,ATL99,UP
818050,AT2G34850,15.9483981698751,1.53203941830381,0.381997343100642,4.01060228814255,6.05640548553321e-05,0.00050118916769651,818050,MEE25,UP
818060,AT2G34960,146.170216195251,1.13156243509078,0.288708093202635,3.91939977344719,8.87697665041462e-05,0.000695168569612456,818060,CAT5,UP
818083,AT2G35160,16.2900043549138,1.22950768283563,0.306713330612259,4.00865420613213,6.10657574751804e-05,0.000503826805775562,818083,SGD9,UP
818097,AT2G35300,8.80245121751954,2.11999479577522,0.649999222328543,3.26153435719599,0.00110811003204868,0.00579823180427561,818097,AtLEA4-2,UP
818101,AT2G35340,82.7456219825327,1.19013234506496,0.257915530358556,4.61442683738523,3.9418159586793e-06,4.83756344032013e-05,818101,MEE29,UP
818131,AT2G35630,734.877773393078,1.0231834694133,0.217405589816571,4.70633469119434,2.52210321871288e-06,3.32293132805179e-05,818131,GEM1,UP
818171,AT2G35980,2709.36345034113,1.85115777123869,0.338956502156717,5.46134315010957,4.72545642435205e-08,1.050424617276e-06,818171,ATNHL10,UP
818175,AT2G36020,14.58640673748,1.32787974503084,0.344236116379625,3.85746783050052,0.00011456775208896,0.00085756473352623,818175,HVA22J,UP
818211,AT2G36380,455.084909731528,1.99509087272027,0.30995011898404,6.43681273380315,1.2200830753882e-10,5.14889081757216e-09,818211,ABCG34,UP
818232,AT2G36590,86.7911443797449,2.24155413830385,0.359824889613523,6.22956944615875,4.67718793260017e-10,1.75227505046342e-08,818232,ATPROT3,UP
818241,AT2G36690,334.664420273609,3.69517266336081,0.258535492725584,14.2927093854884,2.42969531918153e-46,4.11721216817306e-43,818241,GAS2,UP
818253,AT2G36810,606.756148393271,1.06765265894456,0.189800653970981,5.62512634496928,1.85372246744735e-08,4.60379393860178e-07,818253,SGR6,UP
818255,AT2G36830,6572.57119631636,1.41357266089185,0.263179222926075,5.37114079590132,7.82400897635597e-08,1.61683952851919e-06,818255,GAMMA-TIP,UP
818334,AT2G37580,101.005661240427,1.23537308558932,0.352997923073424,3.49966105985376,0.000465850083488608,0.00279471990445821,818334,ATL33,UP
818361,AT2G37840,367.54386066293,1.0680363088298,0.135524901540056,7.88073849671187,3.25451787358344e-15,3.20061492130221e-13,818361,ATG1c,UP
818414,AT2G38340,48.0891845190726,1.17767947686815,0.398667713754479,2.95403775183416,0.00313645634788736,0.0136197510127362,818414,DREB19,UP
818479,AT2G38940,337.731848465449,2.32473925459625,0.42832628304244,5.42749615569566,5.71500974541936e-08,1.23157574421035e-06,818479,ATPT2,UP
818497,AT2G39110,23.1408740167179,1.41540893467223,0.414699484633261,3.41309547544759,0.000642294357475796,0.0036575804743977,818497,PBL38,UP
818505,AT2G39200,370.350497807655,1.41717619133014,0.377998164737392,3.7491615662068,0.000177426757070275,0.00124475606098761,818505,ATMLO12,UP
818526,AT2G39410,102.041914037779,1.53554266068069,0.517192183066017,2.96899820020034,0.00298772346392778,0.0131213238012092,818526,MAGL7,UP
5007945,AT2G39518,621.043245061455,1.34323617575486,0.442709780201905,3.0341235631665,0.00241235603478413,0.0109865187286044,5007945,CASPL4D2,UP
818676,AT2G40790,4.41260898929199,2.15789388886259,0.699515877393378,3.08483904168638,0.00203662338078754,0.00958444273774168,818676,ATCXXS2,UP
818683,AT2G40850,29.9492582205881,1.49672474595183,0.245692307130117,6.09186654411274,1.1160170639126e-09,3.82344321942935e-08,818683,ATPI4K,UP
818720,AT2G41210,90.5560468043047,1.59636934422634,0.335124505477755,4.76351122682165,1.90253020405993e-06,2.59349244215571e-05,818720,PIP5K5,UP
818721,AT2G41220,1059.42894771852,1.13670063276608,0.132894274036891,8.55342068726402,1.19493411529696e-17,1.7204708252207e-15,818721,GLU2,UP
818802,AT2G42010,806.565400913866,1.19922499965967,0.203626657584025,5.88933204467505,3.87759660223582e-09,1.15901730733586e-07,818802,PLDBETA,UP
818827,AT2G42260,28.2558592667522,1.17379768761307,0.369794351223639,3.17419042159244,0.00150255080136147,0.00741979188594302,818827,PYM,UP
818828,AT2G42270,563.378873999402,1.8660170871143,0.291316872529547,6.40545489491014,1.49921703849845e-10,6.20794213178238e-09,818828,BRR2b,UP
818917,AT2G43150,2288.63941317766,1.32936100001943,0.436850920639597,3.04305413405813,0.00234190199970498,0.0107166097115706,818917,EXT21,UP
819055,AT2G44480,53.3772667420846,1.71483634012716,0.274356601643415,6.25039211688427,4.09423462161547e-10,1.56579389403492e-08,819055,BGLU17,UP
819162,AT2G45540,1189.83213474734,1.01122764569199,0.202336727480916,4.99774637200934,5.80042059715837e-07,9.18601476166799e-06,819162,BCHC2,UP
819212,AT2G46040,79.2148915158594,1.12760201709879,0.291736697910785,3.86513601193777,0.000111027311327277,0.000835321257250201,819212,ARID1,UP
819314,AT2G47000,736.843065497789,1.84506386596963,0.243071445648919,7.59062365817559,3.18369389560521e-14,2.52279110885925e-12,819314,ABCB4,UP
819339,AT2G47260,36.4427857696069,1.70126394383259,0.336061431707334,5.06235998337996,4.1409817302125e-07,6.93173909839294e-06,819339,ATWRKY23,UP
819343,AT2G47300,28.7453044547644,1.04887225899436,0.283617599412234,3.69819172423725,0.000217140856527882,0.00147136140524537,819343,POP1,UP
821209,AT3G01140,3.13526551247174,1.85924849191844,0.706386374621049,2.63205599473215,0.00848698739571165,0.030770218127079,821209,AtMYB106,UP
821135,AT3G01420,4768.97517480418,1.3296348127166,0.417913510125418,3.18160284485077,0.00146462511350156,0.00726999247979404,821135,ALPHA-DOX1,UP
821263,AT3G01900,6.87567465695965,2.12285740636125,0.496448169892579,4.27609070816113,1.90203750563259e-05,0.000185809242623416,821263,CYP94B2,UP
821242,AT3G02030,31.5704717928318,1.43869985462879,0.368513096458688,3.90406709681232,9.45895383368913e-05,0.000732844468322608,821242,ELT6,UP
821175,AT3G02040,299.162228896632,1.71805551519314,0.383102022641353,4.48459004039643,7.30542530884536e-06,8.26984656364617e-05,821175,AtGDPD1,UP
820398,AT3G02260,1915.62893426289,1.20811260946379,0.230712927465499,5.23643223089203,1.63710313767804e-07,3.07448806648845e-06,820398,ASA1,UP
821153,AT3G03030,43.552017315773,1.56713155623392,0.261664397747168,5.9890897261008,2.11018730078385e-09,6.77628513833345e-08,821153,PAM18-3,UP
821300,AT3G03300,251.932441709056,1.21416065093079,0.17445477746644,6.95974434500286,3.40890784717574e-12,1.95051509001128e-10,821300,ATDCL2,UP
821201,AT3G03640,391.589716629591,1.39658226680474,0.218240279728258,6.39928737510645,1.56103794891266e-10,6.43972003307059e-09,821201,BGLU25,UP
819597,AT3G04420,65.6450580599702,1.9756725828884,0.266801575177658,7.40502593199775,1.3112484337911e-13,9.50180649604741e-12,819597,anac048,UP
819620,AT3G04620,35.0051866887058,1.00605155296657,0.294047289964134,3.42139372578226,0.000623010681734748,0.00356753374263966,819620,ALBA3,UP
819666,AT3G05040,182.497841830383,1.00949877414361,0.166645336956725,6.05776790745579,1.38023345018675e-09,4.65622705576784e-08,819666,HST,UP
819770,AT3G05990,316.955362372188,1.09503088940904,0.175747633792702,6.23070061188224,4.64353773029509e-10,1.74263190222607e-08,819770,LLR3,UP
819800,AT3G06260,4.21839319859777,1.50635290110269,0.617264328269695,2.4403692747405,0.0146722551762349,0.0475526128111342,819800,GATL4,UP
819811,AT3G06370,29.727964398483,1.02720194025351,0.298761801576942,3.43819703466667,0.000585601424285982,0.00338855103115206,819811,ATNHX4,UP
819903,AT3G07160,1972.66161089064,1.04460715922211,0.133991955914008,7.79604381544001,6.38782149798252e-15,5.81476528012632e-13,819903,ATGSL10,UP
819989,AT3G07980,329.902460075426,1.00845767316318,0.14712937053907,6.85422407142957,7.17006212414773e-12,3.86184103992299e-10,819989,MAP3KE2,UP
820006,AT3G08590,6123.73266398401,2.54926755796756,0.26299153144121,9.69334466397991,3.21813624290179e-22,9.20679523310175e-20,820006,iPGAM2,UP
820137,AT3G09790,17.55586712537,1.32511202565149,0.297353558333337,4.45635166795624,8.33662364026237e-06,9.26109340248814e-05,820137,UBQ8,UP
820463,AT3G12810,425.972386406476,1.1733857184545,0.220654718166962,5.31774588008872,1.05060659163905e-07,2.09826043583106e-06,820463,chr13,UP
3768816,AT3G12977,6.91965371098703,1.15735708006493,0.446960839867755,2.58939257499015,0.00961454160437523,0.0339802241300789,3768816,NAC1L,UP
820517,AT3G13225,361.99759875428,1.0273644486707,0.190450623277489,5.39438743224178,6.87577158802687e-08,1.44943896949898e-06,820517,FNBP4,UP
820538,AT3G13380,776.965048444498,1.12029266722721,0.198843893594638,5.63403103296212,1.76045320885239e-08,4.40693451566016e-07,820538,BRL3,UP
820589,AT3G13782,36.1421129358222,1.43113813310008,0.2195931184076,6.51722669397888,7.1619149076471e-11,3.15539647001116e-09,820589,NAP1;4,UP
820614,AT3G14000,208.790317941441,1.72670759672899,0.232900283896785,7.41393513068544,1.2260590738989e-13,8.94332958242345e-12,820614,ATBRXL2,UP
820641,AT3G14225,11.9031006160841,1.95348387986049,0.383528531065188,5.09345126015791,3.51603470961679e-07,5.99031157139585e-06,820641,GLIP4,UP
820657,AT3G14360,29.6137822256317,1.00268296798399,0.330906792919618,3.03010693475716,0.00244467165913822,0.011115308974026,820657,AtOBL1,UP
820669,AT3G14460,61.3330908031957,1.22006742931311,0.260523148708964,4.6831440329169,2.82507853454583e-06,3.65435437683559e-05,820669,LRRAC1,UP
820691,AT3G14630,24.2167736999999,1.73990837604159,0.338669659211009,5.13747933633918,2.78448073957575e-07,4.8798191099534e-06,820691,CYP72A9,UP
820692,AT3G14640,3.14331477142872,2.03485331968396,0.777062595276814,2.6186478824902,0.00882790184999818,0.0317813122820085,820692,CYP72A10,UP
820779,AT3G15400,40.0106206106385,1.18670831436683,0.24368631339544,4.86981930922443,1.11700344409389e-06,1.62526214464626e-05,820779,ATA20,UP
820888,AT3G16410,39.3765215663665,1.96537823902507,0.606157895014979,3.24235360982389,0.00118546833373332,0.00613885329661759,820888,NSP4,UP
820894,AT3G16460,672.884096635138,1.60120328105365,0.487879835894994,3.28196240805138,0.00103087347267781,0.00545629786872165,820894,JAL34,UP
821030,AT3G17630,36.4103884807105,1.38387252333047,0.301285811495421,4.59322168694791,4.36454978101693e-06,5.27119885559331e-05,821030,ATCHX19,UP
821036,AT3G17690,49.9975740283151,1.13328374121348,0.288339731160375,3.93037663124941,8.48129026182002e-05,0.000667981205497437,821036,ATCNGC19,UP
821334,AT3G18090,64.842199656276,1.03309224553937,0.370184619038027,2.79074870323893,0.00525862827526861,0.0208312034302989,821334,NRPD2B,UP
821613,AT3G20660,115.487246957856,1.45913511463061,0.45922618849265,3.17737783949133,0.00148613283075712,0.0073605172588853,821613,AtOCT4,UP
821710,AT3G21560,974.652933822707,1.06895580940273,0.340764648779652,3.13693281633198,0.00170725243136258,0.00827118183648257,821710,BRT1,UP
821725,AT3G21710,44.4635076467914,1.77706636221498,0.353862983341406,5.02190521719664,5.1161430670528e-07,8.28702320765486e-06,821725,VUP1,UP
821817,AT3G22460,286.446233215939,1.2010362211207,0.282044020969979,4.25832895514045,2.05960720197195e-05,0.000198213573841154,821817,OASA2,UP
821833,AT3G22620,574.503899434799,2.12734780938294,0.492409178593452,4.32028463697534,1.558280712879e-05,0.000157176583443276,821833,LTPG20,UP
822042,AT3G24503,7259.11956721272,1.04040772493004,0.181995054539586,5.71668129973133,1.08624567390034e-08,2.88996448675731e-07,822042,ALDH1A,UP
822110,AT3G25180,68.6418468155484,1.96974940504165,0.562199257371888,3.50364995900142,0.000458928178431077,0.00276029233361641,822110,CYP82G1,UP
822118,AT3G25240,2.61065301370832,2.21459579580836,0.778239804844431,2.84564703838434,0.0044321291850349,0.0181141695393569,822118,RXR1,UP
822148,AT3G25610,1966.16320760666,1.19400489426761,0.218903361258094,5.45448405819517,4.91152409513847e-08,1.08002089157427e-06,822148,ALA10,UP
822232,AT3G26290,1986.24938443845,1.75213300482672,0.308988707955116,5.67054057225039,1.42347653287676e-08,3.63551320451936e-07,822232,CYP71B26,UP
822439,AT3G28150,8.61952520370163,1.70938509284984,0.530397431857322,3.22283817789989,0.00126927238082804,0.00646642027688734,822439,AXY4L,UP
822600,AT3G29390,520.537429467719,1.3166149366776,0.207033938872508,6.35941596748723,2.02522286460002e-10,8.20103575078565e-09,822600,AtKH16,UP
822697,AT3G29810,106.993488860075,1.59442795646394,0.615279367734147,2.59138862779625,0.00955894763261062,0.033848010453887,822697,COBL2,UP
823281,AT3G42640,134.017274366706,1.12391459297933,0.318578517547462,3.52790452297805,0.000418863208917067,0.00256808728896022,823281,AHA8,UP
823624,AT3G44900,6.20967554513931,2.11315391159822,0.843534913385154,2.50511730820721,0.012241078644308,0.0411881352459844,823624,ATCHX4,UP
823649,AT3G45130,174.841448975464,1.16979177894802,0.407344186313878,2.87175272963546,0.00408202233101605,0.0169287091978658,823649,LAS1,UP
823679,AT3G45410,63.4347190339513,1.3720019772545,0.282799941874947,4.85149313736845,1.22535450663151e-06,1.76773637371222e-05,823679,LecRK-I.3,UP
823680,AT3G45420,17.3932128938289,1.17867574177665,0.439743339835455,2.68037201477046,0.00735403805021958,0.0273929834643705,823680,LecRK-I.4,UP
823707,AT3G45650,123.986982493633,1.33301636126255,0.241143336909586,5.52790045267701,3.24085846283686e-08,7.55480117225748e-07,823707,AtNPF2.7,UP
823713,AT3G45710,18.6497677335787,1.4733896888611,0.329421761932566,4.47265438754683,7.72545853507284e-06,8.68286357495508e-05,823713,NPF2.5,UP
823890,AT3G47360,21.7611852506152,1.26462250214429,0.383131395977525,3.30075403744378,0.000964253751412474,0.00517077553307337,823890,ATHSD3,UP
823933,AT3G47790,3.96550260556806,1.89456735554823,0.729419927280089,2.59736166327786,0.00939429524636326,0.033373154327066,823933,ABCA8,UP
823975,AT3G48190,260.116774630903,1.09273845136382,0.267240305039719,4.0889732228131,4.33286861691243e-05,0.00037726783700381,823975,ATATM,UP
823989,AT3G48310,902.217721036878,1.04190010779609,0.173519018249022,6.00452975304892,1.9188722598943e-09,6.26234622417948e-08,823989,CYP71A22,UP
824007,AT3G48480,5.79416304671512,1.50953413862602,0.506806647481687,2.97852079511362,0.00289643374515439,0.012804643582582,824007,FUG1,UP
824073,AT3G49120,24244.9903973492,1.55280149657912,0.423254508594153,3.66871814723671,0.000243769642200735,0.00161698327252032,824073,ATPCB,UP
824082,AT3G49210,765.385251161793,1.43892492467872,0.331726672927301,4.33768232135515,1.43993075679269e-05,0.000146446143312032,824082,WSD6,UP
824140,AT3G49780,6045.76159992831,1.18204049748538,0.46304722369896,2.55274286722397,0.0106878366957688,0.0369843472464799,824140,ATPSK3,UP
824146,AT3G49840,120.197636659171,1.38694075427304,0.160768084364135,8.62696572991232,6.30010426593461e-18,9.63784700515788e-16,824146,Nemp_C,UP
824154,AT3G49920,32.4554626527613,1.1115255903055,0.300370340570103,3.70051712894098,0.000215160554667689,0.00146153927190087,824154,ATVDAC5,UP
824241,AT3G50770,2116.14509765188,1.17489638589293,0.373023440528513,3.1496583277134,0.00163461509484764,0.00795953490813408,824241,CML41,UP
824410,AT3G52450,122.570086240848,2.4669033507353,0.464809473218982,5.30734310049892,1.11234681295999e-07,2.19765811145253e-06,824410,AtPUB22,UP
824419,AT3G52530,13.1306227494384,2.07065333640691,0.416365335594648,4.97316457300564,6.58686967322629e-07,1.02545690481627e-05,824419,ZRK11,UP
824489,AT3G53230,443.09003913969,1.65336947283093,0.314234463271967,5.26157906301945,1.42823449038456e-07,2.73587631205926e-06,824489,AtCDC48B,UP
824516,AT3G53480,18.0892161479291,1.77620369069032,0.374555745083478,4.74216111755127,2.11450348303023e-06,2.84895395887908e-05,824516,ABCG37,UP
824581,AT3G54140,1109.01394509355,1.09903185110525,0.189580632813111,5.79717366060636,6.74418448278445e-09,1.9096097682681e-07,824581,AtNPF8.1,UP
824664,AT3G54990,37.9056086041671,1.28398377359533,0.299362010225796,4.28906718199437,1.79425098877962e-05,0.000176690009082817,824664,SMZ,UP
824681,AT3G55150,50.0462276880171,2.31365868035388,0.245507993982791,9.42396474681005,4.34369222004981e-21,1.07561546781235e-18,824681,ATEXO70H1,UP
824711,AT3G55450,866.884794745332,1.29053241466936,0.445552056524848,2.89647953762142,0.00377375251989114,0.0158739725531185,824711,PBL1,UP
824763,AT3G55970,5938.81764014434,2.05736977092001,0.763902075111164,2.69323757318059,0.00707618269709587,0.026573683708545,824763,ATJRG21,UP
824765,AT3G55990,9.24967444310504,1.3682402897577,0.462328414393544,2.95945532907053,0.00308183378410254,0.0134422763035799,824765,ESK1,UP
6240272,AT3G56891,41.4347975160937,1.76018251114575,0.32018437782978,5.49740284980899,3.85425524990021e-08,8.76216603715703e-07,6240272,AtHMP32,UP
824985,AT3G58160,113.27995249022,1.40878583569179,0.278765214592536,5.05366438115664,4.33412949892009e-07,7.20652547027614e-06,824985,ATMYOS3,UP
825050,AT3G58810,20.5605464129638,1.31020912657001,0.283315670465947,4.62455579818515,3.75402022275361e-06,4.64330777580232e-05,825050,ATMTP3,UP
825079,AT3G59100,119.561129390081,1.19674444525562,0.23604660620242,5.06994980571489,3.9792063264464e-07,6.70167707685687e-06,825079,ATGSL11,UP
825122,AT3G59530,42.9758047076243,1.00474783791718,0.281628644815587,3.56763367794174,0.000360219619209964,0.00226657469053879,825122,ATLAP3,UP
825144,AT3G59750,9.27388098373311,1.81307903910309,0.46735737252767,3.87942749099512,0.000104702605475446,0.000795068492250469,825144,LecRK-V.8,UP
825182,AT3G60120,256.15354468739,2.94836139791717,0.339687244987501,8.67963528635189,3.97039939951145e-18,6.24742345513127e-16,825182,BGLU27,UP
825311,AT3G61390,291.979765745954,1.90301609636854,0.365790334304678,5.20247780736454,1.96648848588685e-07,3.59798794481739e-06,825311,PUB36,UP
825318,AT3G61450,28.1293298033919,2.34911648210093,0.375843391774803,6.25025351917979,4.09786963280197e-10,1.56579389403492e-08,825318,ATSYP73,UP
825349,AT3G61760,76.2830291262094,1.20686591348583,0.274997602302191,4.38864158589869,1.14060866864642e-05,0.000120529076744211,825349,ADL1B,UP
825513,AT3G63380,923.350267997774,1.07852194229849,0.208508545390486,5.1725551117278,2.30914359842684e-07,4.13898489257485e-06,825513,ACA12,UP
825523,AT3G63480,15.0046052468961,1.22408315409382,0.323259965031197,3.78668343287015,0.000152671402284038,0.00109090774770701,825523,AtKin-1,UP
825525,AT3G63500,2610.26125437791,1.40002946580339,0.16959003490475,8.25537577481905,1.51425051438199e-16,1.81290350985439e-14,825525,OBE4,UP
828011,AT4G00760,104.378569585333,1.16384780628038,0.283184510582947,4.1098568699416,3.95904433291721e-05,0.000348715664173664,828011,APRR8,UP
827980,AT4G00930,112.904270248543,1.03130326594767,0.206746467271887,4.9882509701674,6.09283851255037e-07,9.54616924558834e-06,827980,CIP4.1,UP
828066,AT4G01190,5.1560535774152,2.2825895910537,0.640147145455151,3.56572642283792,0.000362849734027141,0.00228182037992689,828066,ATPIPK10,UP
828081,AT4G02280,675.31673347523,2.51138528950949,0.359455764454425,6.98663239778954,2.81562695260821e-12,1.64961292922889e-10,828081,ATSUS3,UP
828027,AT4G02430,147.656826926958,1.94540081228609,0.273690074285349,7.10804298389652,1.17699907370255e-12,7.32432559169309e-11,828027,At-SR34b,UP
828210,AT4G02660,113.707431225377,1.33453069069472,0.289059287023898,4.61680613840438,3.89690988898944e-06,4.78778739233399e-05,828210,BCHA2,UP
828143,AT4G02900,84.1562414713769,1.23803730614566,0.271121920895047,4.56634897708958,4.96292292837514e-06,5.88102362502291e-05,828143,OSCA1.7,UP
828029,AT4G03205,119.287959807282,1.34956921366222,0.25016308261774,5.39475768982436,6.86160867701191e-08,1.44894662595348e-06,828029,hemf2,UP
825775,AT4G04450,16.5216258116044,1.36962716989787,0.55472863498751,2.46900391202755,0.0135489737248571,0.0447012643679613,825775,AtWRKY42,UP
825812,AT4G04760,2.81987205289266,2.29032908285525,0.925322368959614,2.47516882730327,0.0133173206455819,0.0440425246211567,825812,ESL3.03,UP
825831,AT4G04920,587.69126116555,1.00833259899588,0.150660038525869,6.69276743097835,2.18989034528643e-11,1.0649248215522e-09,825831,AtSFR6,UP
825857,AT4G05120,122.65272681993,1.15468910111349,0.357015317378691,3.23428448278228,0.00121947919230609,0.00626782714122979,825857,ATENT3,UP
826524,AT4G09420,175.255277371874,1.91844461835256,0.452211545754699,4.24236098428416,2.21180547828951e-05,0.000210561205191183,826524,TN15,UP
826706,AT4G11050,2.41284193727908,2.6153741636676,0.835486572655054,3.13036049802252,0.00174591901469541,0.00843069924917253,826706,AtGH9C3,UP
826725,AT4G11230,8.27758945390527,1.45503019545688,0.531570109043288,2.73723102692064,0.00619587640403066,0.0238200630548676,826725,RbohI,UP
826789,AT4G11830,734.281002555981,1.6648194568141,0.2630401913854,6.32914478979697,2.46523703263692e-10,9.82038093887136e-09,826789,PLDGAMMA2,UP
826820,AT4G12120,661.111819160793,1.27897424834451,0.160658623252888,7.96081917328096,1.70903997055586e-15,1.78428632755332e-13,826820,ATSEC1B,UP
826842,AT4G12330,41.5664310411248,3.36763232884118,0.418024930192002,8.05605619572593,7.87954191747177e-16,8.50874651470518e-14,826842,CYP706A7,UP
826855,AT4G12430,89.8729557296846,1.2998065408268,0.247439756678915,5.25302222356071,1.49623474440895e-07,2.85125909901252e-06,826855,TPPF,UP
826860,AT4G12480,5450.94669699494,2.89136800072721,0.541925401915174,5.33536163927556,9.53543168025787e-08,1.92535311168103e-06,826860,EARLI1,UP
826865,AT4G12530,1.48242472200195,2.88878919808593,1.15298091813932,2.50549610374112,0.0122279745541859,0.041162905173313,826865,AZI7,UP
826958,AT4G13280,11.4863810317784,1.99238471917173,0.581144049669385,3.42838358287451,0.000607186888096856,0.00348962169524801,826958,ATTPS12,UP
826989,AT4G13560,121.973422075682,2.00107577555231,0.456751245314378,4.38110633759736,1.18078223349642e-05,0.000124159674566552,826989,UNE15,UP
826990,AT4G13570,55.1532910063321,2.09027344988021,0.597241552351639,3.4998794736397,0.000465468564984552,0.00279319177827423,826990,HTA4,UP
827113,AT4G14630,1502.45995603635,2.38311460030828,0.263796564874115,9.03391066311083,1.65643949163008e-19,3.14566427251026e-17,827113,GLP9,UP
827183,AT4G15180,1116.43071221135,1.10435917028464,0.182917062331502,6.03748582121443,1.56533911749919e-09,5.2246750635439e-08,827183,ATXR3,UP
827186,AT4G15215,36.4918913805051,1.90160984969578,0.365745396646864,5.19927213610794,2.00070425849262e-07,3.65452024132121e-06,827186,ABCG41,UP
827187,AT4G15230,27.9039726173176,1.65253176074248,0.336215634954797,4.91509492402001,8.87394524489299e-07,1.3262153310702e-05,827187,ABCG30,UP
827189,AT4G15236,48.2088193640607,2.61680425154358,0.45019026270993,5.81266293009465,6.14867899597505e-09,1.75679960573715e-07,827189,ABCG43,UP
827194,AT4G15280,269.548844448199,1.92873737117938,0.320875144943453,6.01086560169461,1.84535345261579e-09,6.06735689666766e-08,827194,UGT71B5,UP
827198,AT4G15320,1.80616854141838,3.34337115572526,1.1225641519672,2.97833415566165,0.00289819825375278,0.0128073037777172,827198,ATCSLB06,UP
827212,AT4G15417,319.032081463689,2.16901651242339,0.29997167626633,7.23073771304205,4.80377336436534e-13,3.25607149057243e-11,827212,ATRTL1,UP
827238,AT4G15610,5751.86086959678,1.52334103894098,0.511737890732079,2.97679938603282,0.00291274537398376,0.0128485108003018,827238,CASPL1D1,UP
827427,AT4G17160,32.5768082452036,2.83402678571135,0.359113575465561,7.89172835373117,2.98029891517611e-15,2.95734255866732e-13,827427,ATRAB2B,UP
827537,AT4G18120,724.724895270643,1.1536299392906,0.193783367375099,5.95319379014382,2.62959615669286e-09,8.21664875684921e-08,827537,AML3,UP
827563,AT4G18360,47.0919033960576,1.44004661853214,0.318668901857703,4.51894304758727,6.21491082813884e-06,7.15299219608519e-05,827563,GOX3,UP
827626,AT4G18910,373.276528561731,1.97835068684205,0.285021452658962,6.94105888657166,3.89171734928706e-12,2.21526205393914e-10,827626,ATNLM2,UP
827663,AT4G19230,151.693587590219,2.02291378162165,0.518323303997727,3.90280306908701,9.50850647507211e-05,0.00073547362759608,827663,CYP707A1,UP
827751,AT4G20060,78.2055124831276,1.00097492392493,0.261990748246323,3.8206498917428,0.00013310048362688,0.000970884289343223,827751,DSP1,UP
827780,AT4G20320,571.278819542611,1.77751480828866,0.392401503774283,4.52983689203985,5.90292396540593e-06,6.82242980240962e-05,827780,CTPS4,UP
827834,AT4G20860,3513.54411138327,1.78576322246469,0.392591634290731,4.54865327349858,5.39903129837346e-06,6.31291191464273e-05,827834,AtBBE22,UP
827882,AT4G21326,173.790599706873,1.70353348354607,0.261590757358835,6.51220823222461,7.40539612630435e-11,3.24967074235774e-09,827882,ATSBT3.12,UP
827893,AT4G21410,67.9585737282359,1.25058895899417,0.278707045604756,4.48710923787579,7.21960624597797e-06,8.18953171949787e-05,827893,CRK29,UP
828296,AT4G22070,207.355015585398,1.62259811337521,0.260313170982964,6.23325399651561,4.56844535078643e-10,1.7204742028962e-08,828296,ATWRKY31,UP
828342,AT4G22470,6.0662988899219,2.61301817865672,0.805512694804819,3.24391930196689,0.00117897142910238,0.00611095567334031,828342,AtDHyPRP1,UP
828396,AT4G22970,45.8704239614089,1.11276019045853,0.387035020400167,2.8750891568107,0.00403913425409569,0.0167876955384874,828396,AESP,UP
828420,AT4G23210,933.745394558151,2.23765319136218,0.393386023601801,5.68818681170843,1.2839532345428e-08,3.35518455560419e-07,828420,CRK13,UP
828425,AT4G23260,996.127906399526,1.0103257922376,0.255940969636803,3.94749536844891,7.89730453524449e-05,0.000629640686235616,828425,CRK18,UP
828428,AT4G23290,1164.20972669876,1.90574283200148,0.309038701411517,6.16668017079124,6.97386108489098e-10,2.47785783611393e-08,828428,CRK21,UP
828429,AT4G23300,1256.67319631996,1.49622312620489,0.232879581713063,6.42487896619646,1.31974481575635e-10,5.51663350024604e-09,828429,CRK22,UP
828455,AT4G23550,641.080912020689,3.20063248452546,0.413863235924126,7.73355110264551,1.04587358993918e-14,9.10654123034397e-13,828455,ATWRKY29,UP
828470,AT4G23700,914.268289379172,1.01560768631671,0.280934554268649,3.61510419734812,0.000300226844206003,0.0019440614788401,828470,ATCHX17,UP
828492,AT4G23920,305.753758892407,1.71645745649633,0.252804440426892,6.78966498214143,1.12394234615386e-11,5.73132544986652e-10,828492,ATUGE2,UP
828511,AT4G24110,69.6333001972195,2.35025763220882,0.610477407655341,3.84986832065653,0.000118181343716795,0.000880021563393732,828511,HUP40,UP
828515,AT4G24150,7.35955190752509,2.21143596151861,0.520983710339418,4.24473149089032,2.18855328530804e-05,0.000209070426374896,828515,AtGRF8,UP
828547,AT4G24450,87.97857494108,1.43370740790167,0.265982708157987,5.39022787545303,7.03683968575745e-08,1.47674122957974e-06,828547,At4g24450,UP
828638,AT4G25350,84.9278797508007,1.34985485062895,0.277179058228864,4.8699741576955,1.11612844822636e-06,1.62506236523322e-05,828638,SHB1,UP
828668,AT4G25630,811.441967854326,1.22954109477385,0.446319089221597,2.75484765152715,0.00587194702958001,0.0228055573192204,828668,ATFIB2,UP
828728,AT4G26220,47.6536785327765,2.37570003175803,0.39247114438934,6.05318394924158,1.42010544597327e-09,4.77610730829699e-08,828728,CCoAOMT7,UP
828809,AT4G27010,64.6975714801592,1.10386184405272,0.454136915226707,2.43068071993589,0.0150704882636703,0.0486714244187646,828809,EMB2788,UP
828845,AT4G27370,42.102368260866,1.30701938065114,0.415408613263394,3.14634636577074,0.00165324092540092,0.00804134341922208,828845,ATVIIIB,UP
828943,AT4G28280,1.46231275493176,3.36271577691125,1.23395139968581,2.72516063255608,0.0064270210103051,0.0245183693705741,828943,LLG3,UP
828950,AT4G28350,249.715481047798,2.08776191079302,0.225827713842472,9.2449322329382,2.35389822657538e-20,5.083727846395e-18,828950,LecRK-VII.2,UP
829000,AT4G28790,14.4997437433071,2.00123375379989,0.571190662105517,3.50361776998063,0.000458983649645327,0.00276029233361641,829000,bHLH23,UP
829137,AT4G30140,47.9507923372999,1.21615798358643,0.302636287420144,4.01854646696104,5.85582620500572e-05,0.000486417780807206,829137,CDEF1,UP
829174,AT4G30510,176.566148772419,1.1311985328776,0.321096985300007,3.52291857184737,0.000426822473914874,0.00260600672889988,829174,ATATG18B,UP
829227,AT4G31000,144.151003947707,1.29650088822399,0.457953022153347,2.83107835412395,0.00463913548795541,0.018785940379443,829227,CBP60f,UP
829244,AT4G31160,398.924641809218,1.0074769304946,0.194142293031509,5.18937380806091,2.11002439930674e-07,3.81767877704199e-06,829244,DCAF1,UP
829400,AT4G32650,238.293846780543,2.37026089120751,0.421353920083332,5.62534434410563,1.85138284648733e-08,4.60317299382273e-07,829400,ATKC1,UP
829417,AT4G32810,231.469095823158,2.11657403991695,0.370880234657351,5.70689360642905,1.15056650056032e-08,3.03542867555011e-07,829417,ATCCD8,UP
829444,AT4G33070,12.1480269015184,1.64993596354815,0.565899826109557,2.91559722661715,0.00355008474748448,0.0151032863851556,829444,AtPDC1,UP
829462,AT4G33260,33.6049720482495,1.38315949570702,0.32208909907346,4.29433811850788,1.75215272453e-05,0.000173319139509077,829462,AtCDC20.2,UP
3770579,AT4G33465,3.6231075782679,2.39941942701309,0.707378413844284,3.39198847470242,0.000693873588178216,0.00390629728443085,3770579,SCRL22,UP
829623,AT4G34710,6417.70427187613,1.14731419462991,0.338153087288422,3.39288398585971,0.000691609228783622,0.00389653700789627,829623,ADC2,UP
829663,AT4G35110,1106.06494586181,1.05781922889775,0.282459376175464,3.74503138547127,0.000180371225681613,0.00126139610493341,829663,PEARLI,UP
829691,AT4G35380,199.257282217722,1.63396721949003,0.304553154930534,5.3651298403483,8.08910088783323e-08,1.66226495763133e-06,829691,BIG4,UP
829695,AT4G35420,36.8400767685738,1.6424762796696,0.285787155416651,5.74720118990309,9.07327468564525e-09,2.47129064273678e-07,829695,DRL1,UP
829704,AT4G35520,12.0030998486269,1.21788967546982,0.488394193096732,2.49366125290642,0.0126433141160929,0.0422024878143546,829704,ATMLH3,UP
829715,AT4G35630,1748.44565970363,2.70174190981802,0.353519454498706,7.64241366475605,2.13186951187059e-14,1.7655245668044e-12,829715,PSAT1,UP
829764,AT4G36080,409.916491376248,1.26670425074873,0.237940963636722,5.32360729900495,1.01729400120059e-07,2.03912370813902e-06,829764,TRA1b,UP
829784,AT4G36270,37.6598303257754,1.37219966219408,0.314653432789371,4.36098742044435,1.29476811213099e-05,0.000134413038370093,829784,MORC3,UP
829847,AT4G36930,26.7994127687865,1.44740974123118,0.491994253146568,2.9419240813774,0.00326179882525226,0.0140620557616515,829847,SPT,UP
829860,AT4G37060,6.76226733432382,3.14221971841249,0.596366020375496,5.26894492820705,1.3721011867654e-07,2.64213435692788e-06,829860,AtPLAIVB,UP
829886,AT4G37310,1557.37518034285,1.00213661391986,0.227770883267021,4.39975733309614,1.08371997048438e-05,0.000115721120842464,829886,CYP81H1,UP
829894,AT4G37400,65.477548381051,1.12830333941581,0.292538123448383,3.85694461328867,0.000114813164685695,0.000859109784259911,829894,CYP81F3,UP
829976,AT4G38200,544.74829729115,1.01262361769492,0.142305783524187,7.11582897488355,1.11242168062355e-12,6.98163453061427e-11,829976,BIG1,UP
829980,AT4G38230,89.7556438981217,1.28633904638348,0.200576248808445,6.4132171881027,1.42480306386202e-10,5.92207296109746e-09,829980,ATCPK26,UP
830018,AT4G38620,278.196998670766,1.02643280761349,0.300034335220462,3.4210511502268,0.000623795988736845,0.00357017454816419,830018,ATMYB4,UP
830056,AT4G39010,25.4554349571853,2.08984925931075,0.309123405463347,6.76056624110446,1.37453467128287e-11,6.92897580633645e-10,830056,AtGH9B18,UP
830066,AT4G39110,7.26634328378574,2.40788903406755,0.726245051851892,3.31553244724703,0.00091468721804014,0.00493984916062914,830066,BUPS1,UP
831754,AT5G01490,13.2274081448789,2.28333073960269,0.454104152279961,5.02820933950631,4.95081233824415e-07,8.05475960112115e-06,831754,ATCAX4,UP
831710,AT5G01630,41.48238143994,1.01750407899311,0.256334214659921,3.96944309733693,7.20408076295474e-05,0.000582808281774256,831710,ATBRCA2(V),UP
831708,AT5G01640,137.9136743464,1.59161666682197,0.280000116033192,5.68434288303401,1.31316582103542e-08,3.42132926961005e-07,831708,PRA1.B5,UP
831682,AT5G01760,4.79638842825903,2.98086514967282,0.775701389468481,3.84279980691454,0.000121638685474793,0.000900698689856879,831682,TOL7,UP
831845,AT5G02190,25.8240036224314,1.52191370715778,0.446065397796217,3.41186228449188,0.000645207008381719,0.00367172957572743,831845,ASP38,UP
830937,AT5G02400,47.59838868525,1.85324880198577,0.34534987314965,5.36629356508467,8.03710910094241e-08,1.65466800359496e-06,830937,PLL2,UP
831800,AT5G02780,423.757437583454,1.014138144585,0.272960461036937,3.71532983470365,0.000202938800263729,0.00139312522000925,831800,GSTL1,UP
831793,AT5G02810,1903.63793821166,1.44367364723114,0.239282748330516,6.03333778679702,1.60607203900877e-09,5.34443518841756e-08,831793,APRR7,UP
831834,AT5G03435,18.3438200126223,2.38180692213782,0.473156594034758,5.03386606499001,4.80685575925277e-07,7.86118971941939e-06,831834,MCTP13,UP
831774,AT5G03630,2938.16357826916,1.40338047760734,0.235860101298321,5.95005458694482,2.68053075312132e-09,8.363939371177e-08,831774,MDAR2,UP
831770,AT5G03640,27.9461425618939,2.06450242219131,0.342724610229091,6.02379391667063,1.70375279601019e-09,5.66093067018228e-08,831770,AGC1-8,UP
831749,AT5G03720,22.5539328135948,2.10320651382507,0.607287282079081,3.46328101359973,0.000533630765214955,0.0031264234380107,831749,AT-HSFA3,UP
830350,AT5G04720,1861.99533622178,1.10893205623906,0.261890955706327,4.23432742550518,2.29236743555479e-05,0.000217198117151985,830350,ADR1-L2,UP
830352,AT5G04740,882.425048207083,1.21456598600489,0.217448327146667,5.58553842166684,2.3297727098909e-08,5.59582190665142e-07,830352,ACR12,UP
830457,AT5G05730,1721.26014105082,1.11007378902657,0.297975392244986,3.72538745788075,0.000195015445544141,0.00134569952498261,830457,AMT1,UP
830470,AT5G05850,306.54453305212,1.21764382900336,0.220776616788141,5.51527533448806,3.4823434066184e-08,8.03272700569599e-07,830470,PIRL1,UP
830497,AT5G06100,164.810852730902,1.40437346573096,0.210118839262072,6.68371037391533,2.32967017944421e-11,1.13040318024177e-09,830497,ATMYB33,UP
830573,AT5G06820,16.8048885025011,1.07631250975568,0.296609445957795,3.62871959886549,0.000284830405277308,0.00185308003480621,830573,SRF2,UP
830576,AT5G06850,1915.21436617607,3.44631527685589,0.215685083277573,15.9784590778617,1.80554237568827e-57,4.97178662425461e-54,830576,FTIP1,UP
830659,AT5G07660,20.5233388882401,1.30093705116692,0.419669337168188,3.09990970497221,0.00193579646404703,0.00918450577352834,830659,SMC6A,UP
830670,AT5G07770,536.457114687113,1.32804694969577,0.164303600991177,8.08288401279216,6.32527773469043e-16,6.93231558295997e-14,830670,AtFH16,UP
830719,AT5G08230,199.448280939916,1.04555134327009,0.231224457801854,4.52180255155388,6.13152412395866e-06,7.06809758904685e-05,830719,HULK1,UP
830789,AT5G09300,28.0774933187373,1.20963368452605,0.345882369393302,3.49724007802946,0.00047009856509429,0.00281637239338105,830789,E1A2,UP
830796,AT5G09370,3.38133866446688,2.26620964922134,0.907685723712071,2.49668975728014,0.0125358577987722,0.0419364012686522,830796,LTPG29,UP
830894,AT5G10300,215.77418282863,1.62243597144022,0.432509845934787,3.75121164683232,0.000175982065945696,0.00123658977056387,830894,AtHNL,UP
830917,AT5G10520,251.03977083667,2.7139733470605,0.204842312391228,13.2490856765817,4.56733720896001e-40,4.57335778982636e-37,830917,RBK1,UP
830979,AT5G11110,184.56810869186,1.29913544832347,0.325929951738748,3.9859345279344,6.72150457536275e-05,0.000547791432817854,830979,ATSPS2F,UP
831006,AT5G11350,455.434180837896,1.29859997821149,0.132278630547525,9.81715620154476,9.49852665262724e-23,2.82760869771251e-20,831006,CCR4f,UP
831039,AT5G11670,8779.25767093296,1.68298281115255,0.294234414407671,5.71987071784446,1.06605136027915e-08,2.84310477186313e-07,831039,ATNADP-ME2,UP
831159,AT5G13200,2829.10028613136,1.51060763975263,0.387527696576119,3.89806368189715,9.69649200640517e-05,0.000747128444942636,831159,GER5,UP
831230,AT5G13840,52.9520328048624,1.32504175476646,0.212819155259817,6.22613952747252,4.78068351183245e-10,1.78800809986684e-08,831230,CCS52B,UP
831317,AT5G14650,17.084009580157,1.43934065435863,0.38330688270184,3.75506081240456,0.000173299395814626,0.00122046431918171,831317,PGLR,UP
831365,AT5G15130,17.3113816029984,1.18692521149443,0.486998474492814,2.43722572792564,0.01480043716721,0.0479160636212271,831365,ATWRKY72,UP
831447,AT5G15900,2.56721688757451,2.09206759320837,0.771829538858713,2.7105306131479,0.00671756471451081,0.0254394418249886,831447,TBL19,UP
831599,AT5G17330,217.453486389422,1.59025782718149,0.229799250415039,6.92020458861086,4.50991845293042e-12,2.52154806090366e-10,831599,AtGAD1,UP
832137,AT5G20150,350.923663931159,1.17128266805047,0.370613066313258,3.16039226490857,0.00157556860927018,0.00771121992748565,832137,ATSPX1,UP
832169,AT5G20470,0.943301960923866,4.14711382911383,1.42100260535422,2.91844210101225,0.00351785198137383,0.0149922153797029,832169,HDK,UP
832196,AT5G20730,1180.66968775238,1.06135766548456,0.0983763274385039,10.7887506386943,3.89042293844499e-27,1.68043386100009e-24,832196,ARF7,UP
832221,AT5G20960,1654.36488885792,1.19682481727297,0.174405075806961,6.86232789805767,6.77473350695238e-12,3.65785795158465e-10,832221,AAO1,UP
832364,AT5G23000,16.6779870885707,2.14977626569086,0.40298944907339,5.33457208528396,9.57701367825972e-08,1.93197833624893e-06,832364,ATMYB37,UP
832474,AT5G24090,89.5720079494465,1.42158473530532,0.322275426439332,4.41108635247723,1.02853286860082e-05,0.000110730182763063,832474,ATCHIA,UP
832479,AT5G24140,5.22107079884848,1.76323795895247,0.64702106008505,2.72516316349995,0.00642697174093738,0.0245183693705741,832479,SQP2,UP
832490,AT5G24230,98.278686105633,1.69400739839076,0.399750686321109,4.23765976233999,2.25861694682503e-05,0.000214554000524401,832490,PRLIP6,UP
832496,AT5G24290,51.0962901831041,1.73026902034993,0.331287569643346,5.222861280949,1.76179372470829e-07,3.27515223304632e-06,832496,MEB2,UP
832539,AT5G24670,500.108161138787,1.36916397181679,0.204308539418987,6.70145249782716,2.06357940504841e-11,1.01019090475137e-09,832539,AtTAD3,UP
832543,AT5G24740,533.125752802211,1.24229043261588,0.251877085613819,4.93212961230057,8.13379132666669e-07,1.22641539449104e-05,832543,SHBY,UP
832566,AT5G24960,3.79304459252892,3.59958882293317,0.785618334583919,4.58185439987166,4.60870743813698e-06,5.51144988728303e-05,832566,CYP71A14,UP
832589,AT5G25180,37.5209939234397,2.75828717349118,0.400928163217975,6.87975409697414,5.99559645701049e-12,3.27734477298968e-10,832589,CYP71B14,UP
832597,AT5G25260,1464.28002836718,1.33032301022643,0.44074921579528,3.01832189950928,0.00254178756512859,0.011478687632681,832597,flot2,UP
832657,AT5G25880,10.5364977228206,1.66104586883495,0.463935572176018,3.58033737539044,0.000343150858924326,0.00217783643654393,832657,ATNADP-ME3,UP
832672,AT5G26030,1652.51560188969,1.10098615171183,0.266221127198836,4.1356077306724,3.54016483365046e-05,0.000315605811897022,832672,ATFC-I,UP
832970,AT5G28646,29.4519454637762,2.01787036456942,0.41828110097913,4.82419683759534,1.40568544998043e-06,1.99009285203206e-05,832970,WVD2,UP
833315,AT5G33370,14.5032661811597,1.95298306750874,0.37798924089763,5.16676893466834,2.38175407923544e-07,4.25183635425264e-06,833315,CUS2,UP
833437,AT5G34940,382.896774846021,1.51880228880631,0.362678586586879,4.18773631798768,2.8175058650544e-05,0.000258181517060247,833437,AtGUS3,UP
833474,AT5G35200,22546.9574838432,3.22988699155935,0.207819693367839,15.541775368913,1.80901643297128e-54,3.98508230019243e-51,833474,PICALM3,UP
833619,AT5G36220,685.7542564943,1.29793190962751,0.269625747874386,4.81382775888374,1.48066438221618e-06,2.08008416761713e-05,833619,CYP81D1,UP
833623,AT5G36260,7.60341501817775,1.15232769957701,0.429507595864612,2.68290412246922,0.00729859112542426,0.0272232752966426,833623,A36,UP
833782,AT5G38030,10.6804556286213,1.54668610983226,0.494596826301803,3.12716545594749,0.00176500566279931,0.00850980734204554,833782,DTX30,UP
833794,AT5G38140,84.1056512409949,1.59932467102664,0.320449063371313,4.99088577198759,6.01030347389735e-07,9.43026889077526e-06,833794,NF-YC12,UP
833889,AT5G38970,11.3343509138281,1.20662350971172,0.430302115212193,2.80413102110061,0.00504523981969555,0.0201416433468781,833889,ATBR6OX,UP
833954,AT5G39580,66.6920508273681,2.43525634677323,0.885015018187874,2.75165539197242,0.00592948808727225,0.0230006503036662,833954,PRX62,UP
833998,AT5G40010,118.367295092168,2.21404815826994,0.328635329350733,6.73709720328644,1.61582091885322e-11,8.03497043372858e-10,833998,AATP1,UP
834031,AT5G40330,13.6127840883307,1.27013499385654,0.344855171657078,3.68309684251904,0.000230417572978431,0.00154704928836997,834031,ATMYB23,UP
834114,AT5G41120,48.0254075832838,1.36205267275809,0.420911211690335,3.23596196758036,0.00121233535962262,0.00624568186088091,834114,ELT4,UP
834353,AT5G43350,175.556126503492,4.54987171626534,0.496208913266686,9.16926640094435,4.76248930109211e-20,9.8974412088451e-18,834353,ATPT1,UP
834393,AT5G43730,50.6143599595372,1.1940770786289,0.230396137765053,5.18271308804039,2.18681301787065e-07,3.93572744858436e-06,834393,RSG2,UP
834408,AT5G43860,26.729668670136,1.25925108599959,0.351434650383983,3.58317281640757,0.000339445868804308,0.00215805282651951,834408,ATCLH2,UP
834421,AT5G43980,52.631263018011,1.31946097394615,0.295039269547024,4.47215374404879,7.74357206788206e-06,8.69878373704099e-05,834421,PDLP1,UP
834441,AT5G44180,944.580222889256,1.14810740415073,0.308140644485872,3.72592004558936,0.000194604087604568,0.0013438662839627,834441,RLT2,UP
834447,AT5G44240,1322.5755785146,1.16742282259218,0.137858734851394,8.46825428835254,2.49098039471709e-17,3.47302576678625e-15,834447,ALA2,UP
834464,AT5G44380,77.5848496189682,1.27758188268427,0.374312694920367,3.41314067094643,0.000642187843741724,0.0036575804743977,834464,AtBBE24,UP
834475,AT5G44480,308.888137430601,1.06907272285179,0.284583291443487,3.75662505493261,0.000172220229415377,0.00121480609471385,834475,DUR,UP
6241037,AT5G44585,236.133739252536,1.27641971531751,0.49435004201695,2.5820159943948,0.00982250325503424,0.0345710056247243,6241037,PROSCOOP12,UP
834504,AT5G44750,481.660138664379,1.34804991062896,0.241438079642905,5.58341879053534,2.35835926397076e-08,5.65313343046919e-07,834504,ATREV1,UP
834538,AT5G45070,5.76174000081948,1.96379989320588,0.556870915583953,3.52649031983755,0.000421106558897894,0.00257968753780915,834538,AtPP2-A8,UP
834539,AT5G45080,5.90855970890053,1.31316515358776,0.489209123589164,2.68426137262835,0.00726902536551588,0.0271497727665224,834539,AtPP2-A6,UP
834564,AT5G45280,480.291691899271,1.42897024866972,0.390096947481401,3.66311568930655,0.000249165934927916,0.0016483112253835,834564,PAE11,UP
834936,AT5G48780,37.5875774416701,1.37203281111312,0.338232392549192,4.05647963157041,4.98179047585948e-05,0.000424541053743553,834936,TN20,UP
834966,AT5G49070,3.75515413820211,1.76525022255439,0.62751970785972,2.8130594154168,0.00490725829098561,0.0196793824245421,834966,KCS21,UP
834978,AT5G49190,9.02889089604858,1.21956412377597,0.447944756416154,2.72257707297049,0.00647749222059987,0.0246723912340824,834978,ATSUS2,UP
6241076,AT5G51451,5.51958296955735,1.87416632671813,0.684772968343302,2.73691634068497,0.00620180625193417,0.0238387000390609,6241076,CLEL7,UP
835279,AT5G52040,1641.7367775087,1.18223021928559,0.188650993843263,6.26675850044989,3.68641191364331e-10,1.43730916894953e-08,835279,At-RS41,UP
835475,AT5G53920,65.57493948056,1.13517386645806,0.337063605931963,3.36783279618504,0.000757615281126702,0.00420526985268431,835475,PRMA,UP
835571,AT5G54810,4716.78902638179,1.03034104466402,0.219267312349243,4.69901798688042,2.61415432495111e-06,3.42373398480071e-05,835571,ATTSB1,UP
835632,AT5G55390,549.129936295604,1.1250700438689,0.224215709214491,5.01780204344483,5.22659901705599e-07,8.4164290750531e-06,835632,EDM2,UP
835750,AT5G56490,13.0534467160959,1.21775775691236,0.464287178211542,2.62285459099523,0.00871964785786551,0.0314584216608122,835750,AtGulLO4,UP
835764,AT5G56630,805.717896404358,1.0254879700103,0.28674497435478,3.57630668965623,0.000348482793604707,0.00220647023221314,835764,PFK7,UP
835799,AT5G56970,11.704538161356,1.88030542460141,0.358011044955241,5.25208775286943,1.50384778997862e-07,2.86231014332086e-06,835799,ATCKX3,UP
835828,AT5G57220,930.304248170842,2.09775838432583,0.522748052554798,4.01294347070939,5.99662777166638e-05,0.000496989139134833,835828,CYP81F2,UP
835920,AT5G58080,4.45997231431186,3.02509984753424,0.68815238749132,4.39597377342877,1.10277249507953e-05,0.000117357368570565,835920,ARR18,UP
835928,AT5G58160,158.639828079649,1.07207588854158,0.272764931394662,3.93040220771782,8.4803880707343e-05,0.000667981205497437,835928,FH13,UP
835944,AT5G58320,219.084870282686,1.13547163693304,0.275794286084957,4.11709630772868,3.83675771645705e-05,0.000339301227361832,835944,NET4A,UP
835990,AT5G58760,177.277772820146,1.01010500301295,0.313550837340493,3.22150312715016,0.00127520070796805,0.00648911905655537,835990,DDB2,UP
836015,AT5G58980,102.186076747393,1.42112484935743,0.214350799396168,6.62990226003718,3.35909218337687e-11,1.59477245059502e-09,836015,AtNCER3,UP
836018,AT5G59010,228.744271410744,2.14012903386678,0.337024140558649,6.35007637826572,2.15208050539205e-10,8.63537002792013e-09,836018,BSK5,UP
836103,AT5G59820,2092.4594637145,1.16498836805666,0.404863121828437,2.87748699559336,0.00400856432108684,0.0166959091376861,836103,AtZAT12,UP
836153,AT5G60310,2.7217840464483,1.83546395741333,0.715865868824332,2.56397746749363,0.0103480262188791,0.0361090875298095,836153,LecRK-I.10,UP
836235,AT5G61140,679.310358372204,1.00074524241397,0.195324791727196,5.12349320106622,2.9992646593321e-07,5.20652491571528e-06,836235,BRR2c,UP
836276,AT5G61550,4.08060748661064,2.11054446997587,0.594988467996699,3.54720231315068,0.000389345479507663,0.00242216649762053,836276,PUB52,UP
836296,AT5G61740,17.071785569891,1.47897173541953,0.351754835902944,4.20455267266776,2.61599014754503e-05,0.00024259789699399,836296,ABCA10,UP
836513,AT5G63920,51.3402763551155,1.08272675238784,0.268548483704705,4.0317738437816,5.5357444401845e-05,0.000463324142373953,836513,AtTOP3alpha,UP
836531,AT5G64100,103.788919120533,3.17127377025408,0.579592567353283,5.47155700207775,4.46098808359311e-08,9.98375369242716e-07,836531,PRX69,UP
836533,AT5G64120,3429.16216054016,2.30284029198369,0.502142200343006,4.58603218452991,4.51748993252063e-06,5.42320358166196e-05,836533,AtPRX71,UP
836596,AT5G64750,91.9791475060415,2.14730638657428,0.681601488129301,3.15038394717667,0.00163056022746627,0.0079415457110003,836596,ABR1,UP
836626,AT5G65020,651.391344268834,1.85053739251768,0.27160906523352,6.8132386926285,9.54256122054073e-12,4.93457936918525e-10,836626,ANNAT2,UP
836633,AT5G65090,80.0319741439449,1.35473881986971,0.266686823037691,5.07988660421459,3.77660226590698e-07,6.38976738215552e-06,836633,BST1,UP
836637,AT5G65130,6.59835527784095,1.68944657170566,0.545650308464619,3.0962074894808,0.00196013149031262,0.00928197261395028,836637,ERF57,UP
836638,AT5G65140,1557.1613690125,2.75324831973021,0.398463689790357,6.90965924945074,4.85819224538608e-12,2.70255345892954e-10,836638,TPPJ,UP
836639,AT5G65160,50.0093558564869,1.95447195967553,0.259172157151419,7.54121114380989,4.65626494324358e-14,3.63733547640826e-12,836639,TPR14,UP
836704,AT5G65750,913.176692905352,1.31137488886812,0.171939130688299,7.62697172899784,2.40332269670652e-14,1.96719757276435e-12,836704,E1-OGDH2,UP
836749,AT5G66170,119.561319709615,1.70659493983841,0.400647723420661,4.25958975947199,2.04802444273807e-05,0.000197271230647473,836749,STR18,UP
836793,AT5G66610,50.1036611339038,1.18507189853438,0.258514916536926,4.58415287755786,4.55830651653427e-06,5.46321750646037e-05,836793,DAR7,UP
836795,AT5G66630,111.522823024132,1.02086693600582,0.334923241495859,3.04806239019527,0.00230322102810798,0.0105816744899804,836795,DAR5,UP
836802,AT5G66690,987.431724265777,1.96757867039498,0.262562599683616,7.49375071988885,6.69327918142029e-14,5.06688134321332e-12,836802,UGT72E2,UP
836823,AT5G66890,57.9421708581946,1.24792264358077,0.236595758655094,5.27449287626483,1.3312368915083e-07,2.57018558133535e-06,836823,NRG1.3,UP
836866,AT5G67310,177.760639735132,1.59919765662355,0.286761610822567,5.57674945414174,2.45054415106318e-08,5.84232003287564e-07,836866,CYP81G1,UP
