gene_id,haust_IM-206,haust_IM-207,haust_IM-208,haust_IM-209,haust_IM-210,haust_mean,lfc_IM_vs_UM,p_IM_vs_UM,lfc_H_vs_UM,p_H_vs_UM,haustoria_index_LFC,lfc_IT_vs_UT,p_IT_vs_UT,lfc_H_vs_IM,p_H_vs_IM
AT1G69740,2111.1146283427106,1117.8617752686641,2124.5329582044005,NA,NA,1784.5031206052583,-0.602581459355527,0.167978652342292,1.11019249530084,0.00627712978702793,-1.712773954656367,-0.512814139729252,0.149288421127196,-1.71277395465637,5.10005338459625e-5
AT2G36830,1955.881844468905,1903.2211369912102,366.0643414913502,NA,NA,1408.3891076504885,-0.0470328657599715,0.885440228431095,1.37736988913638,6.27437197775323e-8,-1.4244027548963514,-0.470325637079136,0.0349360989840751,-1.42440275489635,1.03470659097611e-7
AT1G44350,1090.8837754178153,776.3727218887516,0,NA,NA,622.4188324355223,0.242102509650499,0.744838932573636,1.83067293391035,0.00301107852550942,-1.588570424259851,-0.551303523649656,0.326190479432659,-1.58857042425985,0.0201018944854831
AT1G78830,1456.9089229951292,122.80937251863998,0,NA,NA,526.5727651712564,0.63444334010227,0.251183971009331,2.25576291814691,4.9592885339832e-6,-1.6213195780446399,0.490443243112005,0.281905743032238,-1.62131957804464,0.00282668775394005
AT5G45280,446.11039308159957,463.16402797620066,0,NA,NA,303.0914736859334,-0.263121609607012,0.602984980260473,1.17806459941633,0.00667691985017714,-1.4411862090233418,-0.625011923957336,0.0954263774393792,-1.44118620902334,0.00184083635152379
AT1G79245,482.4333271396754,0,0,NA,NA,160.81110904655847,0.323046302185236,0.50286553440917,2.00086393563146,1.0922722591429e-6,-1.677817633446224,0.273468341281646,0.486650312418517,-1.67781763344623,1.45770303747646e-4
AT2G11240,361.2870889540461,0,97.34703841072223,NA,NA,152.8780424549228,-0.551355633687776,0.0393773487178174,1.36482882523157,3.62580876906507e-8,-1.916184458919346,-0.221383376019638,0.339757819439415,-1.91618445891935,5.58240253562643e-14
AT1G69770,78.84859973265873,206.53020942487393,117.47735837825724,NA,NA,134.28538917859663,-0.629644043215133,0.249236654083511,1.12868061306178,0.0252847058738135,-1.7583246562769128,-0.401498060441524,0.375424199508702,-1.75832465627691,8.84567659947219e-4
AT4G16870,0,172.46113667390534,161.44655972874853,NA,NA,111.30256546755129,-0.87268296811573,0.0181914795163399,1.62582584571968,2.6492602319403e-6,-2.49850881383541,-0.468075417693247,0.130426225274823,-2.49850881383541,2.40632322413434e-12
AT4G13493,81.25822750670244,186.8502492775517,27.951504854228986,NA,NA,98.68666054616105,-1.18779560655303,0.00891764133791419,1.03249120023842,0.0187775216568653,-2.22028680679145,-0.85475989201529,0.0185388734270988,-2.22028680679145,8.09974078287771e-7
AT1G64880,45.05252215912097,167.317647105486,75.62514098707823,NA,NA,95.99843675056174,-0.291854182051965,0.410846042713464,2.89632925916172,7.04189487356587e-22,-3.1881834412136847,-0.392963141093198,0.160633470254102,-3.18818344121368,5.81825925368482e-25
AT2G47000,277.0907809492883,0,0,NA,NA,92.36359364976276,2.33624757052242,5.60386064729975e-5,4.19263058382707,4.9404513810149e-14,-1.8563830133046495,1.09298597404914,0.0248978967050172,-1.85638301330465,0.00260915468507976
AT5G33370,125.96125847260508,105.59541376900539,25.274189109141417,NA,NA,85.61028711691729,-0.41079362284862603,0.353859341851909,1.55403914590611,3.15405593424334e-6,-1.964832768754736,-0.739091588283104,3.49121407855253e-5,-1.96483276875474,1.88522204762687e-8
AT5G65020,90.21592013706908,159.46233304750132,0,NA,NA,83.2260843948568,-0.224052049591668,0.397189323480676,1.6347731717349,3.81603780940907e-13,-1.8588252213265681,-0.352711881295189,0.0818733020102339,-1.85882522132657,1.21214387924071e-15
AT5G24620,53.30896674470421,68.04881362923663,96.01516546977803,NA,NA,72.45764861457296,-0.740901940511876,7.42425625654653e-4,1.01681165744204,1.02938716008624e-6,-1.757713597953916,-0.532772570797368,0.00225617998167937,-1.75771359795392,1.66372958579865e-16
AT1G05207,68.26357627006004,114.92319043535733,0,NA,NA,61.06225556847246,-0.830865492779052,0.122962338028392,1.00402894479965,0.0466101329400389,-1.834894437578702,-0.953740191894925,0.0200739312603468,-1.8348944375787,4.87206430785607e-4
AT4G25630,0,104.0833500047209,74.57434866979929,NA,NA,59.552566224840064,-0.0746357087299545,0.897606058050147,1.16438727051703,0.0127912625330323,-1.2390229792469845,-0.116464390438849,0.800886094064328,-1.23902297924698,0.0150846488735853
AT3G16460,177.84503389042032,0,0,NA,NA,59.28167796347344,-0.512135505251883,0.391020452347165,1.09729881194013,0.0436166208411831,-1.609434317192013,-0.375961024078252,0.446574713183047,-1.60943431719201,0.00514827281531033
AT2G36590,103.83125325869426,35.75290130512781,32.20684888135413,NA,NA,57.26366781505873,-0.708013857105107,0.117819867227027,1.54335252693206,1.53047095203377e-4,-2.251366384037167,-0.795816317578225,0.0244046346930692,-2.25136638403717,1.21728568281734e-7
AT5G04020,149.58145762036025,21.913060874491407,0,NA,NA,57.16483949828389,0.489477832815257,0.116913927009989,2.01667413965785,6.90091537804087e-13,-1.5271963068425929,0.395795976667944,0.121047465692121,-1.52719630684259,2.79919873456468e-7
AT1G65450,53.0632196858362,87.91038884125021,25.78602574914568,NA,NA,55.58654475874403,-0.604395561760951,0.238754176392661,1.0474872001965,0.0176739463591242,-1.651882761957451,-0.738224307275261,0.0206916237089884,-1.65188276195745,4.35484980873451e-4
AT5G59010,18.896255865649664,102.85918246482177,42.36520261693724,NA,NA,54.70688031580289,-0.858627528869773,0.015178135569492,1.29064222382125,1.03066153409414e-4,-2.149269752691023,-0.709217575032087,0.013353593861037,-2.14926975269102,3.68896900337422e-10
AT5G64750,145.23196642714194,17.778504493342027,0,NA,NA,54.33682364016132,1.41688747078309,0.194296767114011,3.57496692369474,3.13885348249155e-4,-2.1580794529116503,-0.328455721350761,0.737832741280055,-2.15807945291165,0.0550381528504633
ArthCp002,0,76.33044869959309,80.20202068336187,NA,NA,52.17748979431832,-0.383280179398928,0.17576315562688,1.47568025163882,2.7717329829439e-9,-1.858960431037748,-0.477384974094089,0.0238995611127859,-1.85896043103775,4.29156820737061e-13
AT1G20920,37.70254822867503,0,116.27050949690317,NA,NA,51.324352575192734,-0.236211613145077,0.367910102793225,1.23365913206479,5.37308582771292e-8,-1.469870745209867,-0.265132542092303,0.201246376546962,-1.46987074520987,4.6188496497056e-10
AT2G17930,149.54223335573772,0,0,NA,NA,49.84741111857924,-0.0114476283804116,0.969558258251459,1.10538780112418,1.58151375643138e-6,-1.1168354295045917,0.052984764801345,0.82198122709852794,-1.11683542950459,4.5062205975329e-6
AT4G32920,0,0,132.79544829015381,NA,NA,44.265149430051274,-0.213914376614904,0.629407262066348,1.78841458526014,1.11637717613563e-6,-2.002328961875044,0.242382744713438,0.492673547626753,-2.00232896187504,1.99793236479379e-7
AT2G42270,64.23504953215274,0,67.0057429287699,NA,NA,43.74693082030755,-0.15666636350411,0.598560486426225,1.71735006472033,1.93547325100691e-12,-1.87401642822444,-0.0509413521937228,0.840993782311142,-1.87401642822444,1.15692657819147e-13
AT2G04032,87.43054009024658,43.76570289923492,0,NA,NA,43.732080996493835,-0.383020867000703,0.519570985381456,1.00868443600146,0.0427759681965993,-1.3917053030021629,-0.426552231601113,0.247441944990576,-1.39170530300216,0.00875239804669949
AT1G73210,64.5641111463958,64.91038884125021,0,NA,NA,43.15816666254867,-0.678171506424551,0.088685717916003,1.12998936603211,0.00212576871941472,-1.8081608724566611,-0.589993342626914,0.068214705520467,-1.80816087245666,2.23143124612937e-6
AT2G36380,129.11930768719557,0,0,NA,NA,43.03976922906519,-0.335358514511839,0.306774741131085,1.66812931484722,5.04861905951506e-9,-2.003487829359059,-0.250349992089034,0.352864414735745,-2.00348782935906,1.32769550690015e-11
AT1G69360,88.1544833723521,27.85411768438877,0,NA,NA,38.66953368558029,0.222452385592515,0.520203126782573,1.35397068853247,3.90496258789619e-6,-1.1315183029399551,0.217925594974208,0.434201640979025,-1.13151830293996,3.34217010808069e-4
AT1G58561,0,0,110.0425183620248,NA,NA,36.680839454008265,0.301543891066858,0.621434632020786,1.97465821846896,1.11001918220305e-4,-1.673114327402102,0.154442827158138,0.76075090194136,-1.6731143274021,0.00251483691156832
AT1G01600,10.228400584903525,95.12295116063815,0,NA,NA,35.11711724851389,-0.0743867079935396,0.887264607105991,1.42263302824188,2.66078151626536e-4,-1.4970197362354196,-0.368708064941642,0.205988745410856,-1.49701973623542,2.15360689357957e-4
AT4G15230,77.69946512366424,26.501934203418536,0,NA,NA,34.73379977569426,-0.0708618702810446,0.91792993569964,1.5959492570957,0.00256287380411291,-1.6668111273767445,-0.736917244029747,0.101919163385002,-1.66681112737674,0.00314045354797712
AT4G16680,100.29518611297814,0,0,NA,NA,33.43172870432605,1.14241533412454,0.09697647165095,2.46953875009568,9.4975222838773e-5,-1.3271234159711398,0.647128581346388,0.247355828149132,-1.32712341597113,0.0616304952679315
AT1G53830,2.2301835060227404,93.40845463783168,0,NA,NA,31.879546047951475,0.320597312659302,0.740117505073297,3.11039610287571,6.49597264189618e-5,-2.789798790216408,-0.986921365021528,0.151209214999577,-2.78979879021641,7.96892721222862e-4
AT1G08910,31.94699510365143,61.10895319293513,0,NA,NA,31.01864943219552,-0.170424243888249,0.26874818335121903,1.05653969330095,9.31260747078726e-16,-1.2269639371891992,-0.0542260671712822,0.675633534199542,-1.22696393718919,5.90853552012627e-20
AT5G55720,25.36553748329117,37.26376869581638,28.190300970845797,NA,NA,30.273202383317784,0.741430902625441,0.465032297784032,2.47248332161962,0.00262084174969237,-1.731052418994179,-0.857801067600987,0.041735806150745,-1.73105241899418,0.0214504873888018
AT3G25180,0,90.48913260931143,0,NA,NA,30.16304420310381,0.661416903132824,0.438987028879801,2.63653433365934,3.88832748046446e-4,-1.9751174305265158,0.356374910625445,0.61524532638644,-1.97511743052652,0.0158986291144941
AT1G30590,0,38.9464008763797,51.294182776911725,NA,NA,30.08019455109714,-0.409939230588279,0.0183665551355816,1.12963417742233,1.27391148291182e-12,-1.539573408010609,-0.246540836057167,0.0805605674622575,-1.53957340801061,3.30902666379246e-21
AT4G10320,0,81.0758924770962,0,NA,NA,27.0252974923654,0.0500887881828939,0.744161117166233,2.47769494244046,4.10649652861329e-95,-2.427606154257566,0.019199658084249,0.882914118324999,-2.42760615425757,1.80262469038719e-90
AT4G21326,75.75198728278522,0,2.1512283660829326,NA,NA,25.96773854962272,-0.470189035341818,0.0910195802946658,1.2413082910661,6.79922688480449e-7,-1.711497326407918,-0.198773718154322,0.389397571844443,-1.71149732640792,3.80940243340663e-11
AT3G47680,0,0,77.3344039674285,NA,NA,25.7781346558095,-0.333512738571461,0.0826638960036737,1.08816725036592,1.7412137174487e-10,-1.421679988937381,-0.145689375840866,0.345813908324356,-1.42167998893738,4.57344285075736e-16
AT2G17630,0,11.752901305127807,56.69501224134987,NA,NA,22.815971182159227,-0.560428540661043,0.0899094010621308,2.1065419459706,7.77670434436128e-13,-2.666970486631643,-0.675728778078291,0.0110105755578654,-2.66697048663164,1.30947088238413e-18
AT2G22470,67.91181941849493,0,0,NA,NA,22.63727313949831,3.88742635229971,6.39968925112882e-10,5.84398201447881,1.51776143059956e-21,-1.9565556621790998,1.45069827230692,0.00611183884687648,-1.9565556621791,0.00407692991277509
AT1G55810,0,0,67.12525791456645,NA,NA,22.37508597152215,0.201714178174212,0.764134323811045,1.32431742736921,0.0182604517008592,-1.122603249194998,0.14978610604747,0.784087117586277,-1.122603249195,0.0756356413859438
AT5G10300,62.76268480950044,0,0,NA,NA,20.920894936500147,2.05682853469679,1.22883103869814e-4,3.68845768533538,5.90984132504734e-13,-1.6316291506385903,0.891554872007202,0.0485029537804133,-1.63162915063859,0.00359655479446159
AT4G35810,25.46571577540309,27.829710869770473,9.182027015591633,NA,NA,20.825817886921733,-0.196295461051119,0.744067423570471,1.41929288812926,0.00111457927048713,-1.6155883491803789,-0.874212889495877,3.00332848679795e-4,-1.61558834918038,3.01003693760936e-4
AT4G00040,0,0,61.98689784675361,NA,NA,20.6622992822512,-0.0976041322782343,0.749256256476655,1.59454390772181,3.85154161880857e-11,-1.6921480400000444,0.0330508745512397,0.894176276203392,-1.69214804000004,1.3149089592244e-11
AT4G08100,23.4991085394404,27.842512463877586,10.157205149829135,NA,NA,20.499608717715706,-0.471807952352628,0.544588576633075,1.5295158310346,0.0172461193074872,-2.001323783387228,-1.03061598447359,0.050322361079269,-2.00132378338722,0.00361672544914098
AT1G02520,60.73285788770154,0,0,NA,NA,20.24428596256718,1.68916459305798,0.0581395298480267,3.73626027104408,3.58251797040498e-6,-2.0470956779861003,-0.60390644526213,0.356116162964151,-2.0470956779861,0.00876956197813887
AT4G06075,8.098395370992716,43.395653043724565,8.1654791050833,NA,NA,19.88650917326686,-0.791657667899026,0.129038139133514,1.41867370731275,0.00130719392263995,-2.210331375211776,-1.01690719460965,0.00312868686307611,-2.21033137521178,3.01808933003647e-6
AT5G54300,59.28627150738211,0,0,NA,NA,19.762090502460705,1.14553258893566,0.0504809956347003,2.48043886748211,5.35509584197009e-6,-1.33490627854645,0.783985930405095,0.105783883099733,-1.33490627854644,0.0310608691767074
AT5G55390,0,0,59.14640016809062,NA,NA,19.715466722696874,-0.0628175325819302,0.786032742454194,1.07047764285891,4.66577533465229e-9,-1.1332951754408402,0.104712516566281,0.55615847747561,-1.13329517544084,2.79148085747873e-9
AT3G16410,35.49732561832119,23.33164507318901,0,NA,NA,19.609656897170066,-0.107385971157248,0.875958775270256,1.86607308946648,4.86557012639144e-4,-1.9734590606237281,-0.26720382357398,0.594027397723719,-1.97345906062373,5.09573215412707e-4
AT4G05120,57.796077573537744,0,0,NA,NA,19.265359191179247,0.28021808782027,0.456932109171602,1.44424184785868,7.08239861089909e-6,-1.16402376003841,0.133641419758311,0.672772445542513,-1.16402376003841,7.2962009169279e-4
AT4G23920,0,0,57.78602574914568,NA,NA,19.26200858304856,-0.293915163911634,0.305441680060767,1.43330259389011,7.99810989579857e-9,-1.727217757801744,-0.272363278990055,0.24947206038054,-1.72721775780174,2.01016051850341e-11
AT1G53780,0,0,54.78464330841541,NA,NA,18.261547769471804,-0.323013088375633,0.234325875368089,1.03191379951401,2.17531862942452e-5,-1.354926887889643,-0.0556763696233518,0.82170516432444,-1.35492688788964,8.64557232358133e-8
AT1G71080,50.301835060227404,0,0,NA,NA,16.767278353409136,0.506348439875873,0.0142176475044476,2.05691808842718,3.15493109526097e-27,-1.5505696485513067,0.186677541084702,0.30681840195163,-1.55056964855131,4.56763053504952e-15
AT4G23300,49.66737254351858,0,0,NA,NA,16.55579084783953,0.539243683218617,0.0540205607304535,2.04459439602792,1.18226284059146e-15,-1.5053507128093027,0.510851666412123,0.0236430195845796,-1.50535071280931,2.49969959637088e-8
AT5G38610,15.56589406751501,17.553140579846982,16.107561418304144,NA,NA,16.408865355222044,-0.00586480302426296,0.991814071211255,1.51617436981006,2.33078366219113e-4,-1.522039172834323,-0.623210519448373,0.0394502836213065,-1.52203917283433,2.80976648846995e-4
AT3G07980,27.04895631688254,19.053878409669608,0,NA,NA,15.367611575517381,0.309285825886018,0.154212115826959,1.32621609685106,6.25548585679451e-12,-1.0169302709650418,0.303385137187122,0.0771384719001398,-1.01693027096504,5.22195328884711e-7
AT4G36670,44.073434475323836,0,0,NA,NA,14.691144825107946,0.681600420566127,0.355912964003812,1.73589498527063,0.00917187070526343,-1.054294564704503,1.05273712708636,0.0643862251652792,-1.05429456470451,0.179791766095819
AT1G50970,5.556979461918985,0,37.24109328812477,NA,NA,14.266024250014587,-0.444451545928738,0.0419271911049118,1.01939997137341,1.56837831321956e-7,-1.463851517302148,-0.2500180416144,0.134669117969225,-1.46385151730215,2.96076590921097e-13
AT1G13880,42.447886564211046,0,0,NA,NA,14.149295521403682,0.702783838879393,0.00238001299523706,2.87066834756385,1.53349156691443e-40,-2.167884508684457,0.290685264677715,0.151564310909072,-2.16788450868446,1.59669175474494e-22
AT5G58980,21.792511731299328,19.19082753801078,0,NA,NA,13.661113089770035,-0.283920004522523,0.176676578721112,1.14543860450488,1.32325476053474e-10,-1.429358609027403,-0.126823322694334,0.427111948828605,-1.4293586090274,4.6524229313637104e-15
ArthCp017,7.298751955216556,22.080677971479744,10.339232165420768,NA,NA,13.239554030705689,-0.752559555091667,0.0543931821518762,1.15752440112249,2.4622348309228e-4,-1.9100839562141572,-0.640217073680102,0.00362385071423607,-1.91008395621416,2.94577309702608e-8
AT5G25880,3.9982170788807956,27.395653043724568,6.239944702370789,NA,NA,12.544604941658717,0.113407151064741,0.844380927789098,1.77106618188235,1.89163016223519e-5,-1.6576590308176091,-0.447098242694381,0.0788657838664185,-1.65765903081761,4.47889382663804e-5
AT5G58760,0,0,36.86876530168733,NA,NA,12.289588433895778,0.531983909146853,0.131294023066801,1.55285685499363,1.14519731854003e-6,-1.020872945846777,0.616662923840322,0.0265828711157885,-1.02087294584677,0.00337585894150062
AT4G30830,15.766250651738853,3.829710869770473,17.041369776270827,NA,NA,12.212443765926718,0.1276541246403,0.853572662245182,1.87736592199336,3.27753808032129e-4,-1.74971179735306,-0.361738231980742,0.419582140154074,-1.74971179735306,0.00120517237078649
AT3G55450,0,0,36.48563233351149,NA,NA,12.16187744450383,0.213191003106467,0.738116084722684,1.51240857790724,0.00435584055661251,-1.299217574800773,0.362286050021387,0.462992454753037,-1.29921757480077,0.0276596596910039
AT4G16857,0,36.21256231938793,0,NA,NA,12.070854106462642,-0.811081628725388,0.0488838754686382,1.4741199430576,4.46767833788243e-5,-2.285201571782988,-0.417503449400889,0.191078516701408,-2.28520157178299,2.13373435263296e-9
AT1G68945,9.293403191858943,0,26.744655972874853,NA,NA,12.012686388244598,-0.415681696992758,0.233456305212158,1.18257857605971,3.90509409620626e-5,-1.598260273052468,-0.22899459741104,0.288705827121011,-1.59826027305247,1.02458101577458e-7
AT1G74810,0,36.02053840778126,0,NA,NA,12.006846135927086,0.630341073317169,0.0362730038164704,2.10334019669048,6.57157508152568e-15,-1.472999123373311,0.124340354932789,0.61683173428533,-1.47299912337331,6.64612959139549e-8
AT4G24450,14.627330832232005,19.939860436301515,0,NA,NA,11.522397089511173,-0.308853500501006,0.23674446864544,1.13131017000726,4.1857812528276e-7,-1.440163670508266,-0.26372177279053,0.172243854466303,-1.44016367050826,4.7387121195826e-10
AT2G20815,4.530718382358501,29.633818551326726,0,NA,NA,11.388178977895075,-0.608974879746067,0.0556654160439119,1.33624184773849,6.42965947590125e-7,-1.945216727484557,-0.115455747336539,0.643587464199451,-1.94521672748455,5.92228960663025e-12
AT2G12490,32.02982692179889,0,0,NA,NA,10.676608973932964,-0.303015045926622,0.335133433845736,1.28592909532718,1.51508348073296e-6,-1.5889441412538021,0.0128948636338593,0.963535399739124,-1.58894414125381,1.0962138664325e-8
AT5G28320,0,1.370049855510345,30.248218657624953,NA,NA,10.539422837711767,0.109974464848649,0.796111685307571,1.11136686526964,0.00101725998646135,-1.001392400420991,-0.110078299936869,0.749986378129727,-1.001392400421,0.00577134166106851
AT5G43403,1.9296486296869801,0,29.554355002029055,NA,NA,10.494667877238678,0.115509558950568,0.697928962554635,1.13628898503676,1.10188953223092e-6,-1.020779426086192,-0.194807566357514,0.304037302347791,-1.0207794260862,1.65114493685633e-5
AT5G05730,30.243481400521205,0,0,NA,NA,10.081160466840402,1.56790099836968,3.73811962321647e-6,2.6854425834872,2.19736360604913e-16,-1.1175415851175199,1.22536020965907,9.23304376150614e-6,-1.11754158511752,0.00214122005897436
AT1G34460,17.46571577540309,12.685024927755173,0,NA,NA,10.050246901052754,-0.735445820169788,0.127679115020743,1.46762760721812,2.00183756514702e-4,-2.203073427387908,-0.695089184023436,0.0247609556906206,-2.2030734273879,2.2208328133605e-7
AT5G44063,15.36553748329117,14.685024927755173,0,NA,NA,10.016854137015448,0.324714359884463,0.590762827357956,1.66244276907782,7.01959040037781e-4,-1.337728409193357,0.226203670742401,0.586295647924526,-1.33772840919336,0.00860620876932762
AT3G59320,14.961258472605081,0,14.901861122703991,NA,NA,9.954373198436357,0.127737246294734,0.661042806508404,1.35422813470892,5.42789400568397e-9,-1.226490888414186,-0.136983124780012,0.517365842896429,-1.22649088841419,2.72808023454246e-7
AT5G07440,27.66688980629101,0,0,NA,NA,9.222296602097003,1.31946712911653,0.0477633022727985,2.62017177855176,2.68233824424238e-5,-1.30070464943523,1.1072126973869,0.0411789654262164,-1.30070464943524,0.0728448077776616
AT3G17225,27.56589406751501,0,0,NA,NA,9.188631355838337,-0.00444852602573091,0.994441670266329,1.20565542225903,0.0122355531054645,-1.210103948284761,-0.227662360662278,0.586388223944629,-1.21010394828476,0.0181610495187699
AT2G28290,27.396181851754136,0,0,NA,NA,9.132060617251378,-0.00974055431235722,0.967928502769,1.00676055848093,4.20554303466794e-8,-1.0165011127932873,0.154725127409147,0.371973331100289,-1.01650111279329,1.39175435796279e-7
AT5G38070,12.66607235962693,14.553140579846982,0,NA,NA,9.073070979824637,-0.0635757249261848,0.905304248012102,1.17939904582972,0.00277782827457356,-1.242974770755905,-0.489815433049069,0.0908120746318627,-1.2429747707559,0.00223088641641815
AT5G06850,26.662506517388522,0,0,NA,NA,8.88750217246284,0.0858881763347882,0.719813319823575,3.54080982694806,6.87941077873805e-80,-3.454921650613272,-0.143151942840659,0.479847720174,-3.45492165061328,1.21420989277208e-75
AT5G38030,8.499108539440398,18.119082753801077,0,NA,NA,8.872730431080491,0.216571108928494,0.780423739064394,1.76785694429612,0.00365189553348581,-1.551285835367626,-0.524449586796932,0.299868472046535,-1.55128583536762,0.0154206769726848
AT2G40850,12.597503910433112,0,13.322684254912438,NA,NA,8.64006272178185,0.0992005447734509,0.758663471714594,1.60598345884047,5.32966111337943e-12,-1.506782914067019,-0.168338789594909,0.354066161249605,-1.50678291406702,1.85576412957337e-11
AT4G18910,25.42519132688895,0,0,NA,NA,8.47506377562965,0.3807949958672,0.172907933039808,2.36840775016559,3.55145185750364e-22,-1.98761275429839,0.282929892667937,0.219102406432893,-1.98761275429839,2.82498338615428e-15
AT3G20660,25.263576270060042,0,0,NA,NA,8.421192090020014,0.657238549671607,0.22620629195545,2.12636140536104,1.1654936969929e-5,-1.4691228556894331,0.532996816113274,0.232566975793321,-1.46912285568944,0.00561565682646967
AT5G01380,25.23196642714194,0,0,NA,NA,8.41065547571398,1.52416378693427,0.122495985148465,3.21097372220271,4.09628234426716e-4,-1.6868099352684403,0.432477054954303,0.62047499727004,-1.68680993526844,0.103450112845033
AT1G06250,0,0,25.1654791050833,NA,NA,8.388493035027766,-0.353535543771968,0.461229562766596,1.09932326073675,0.00615434945291405,-1.452858804508718,-0.0459728873298675,0.905938369402532,-1.45285880450871,5.9385682490126e-4
AT4G19230,24.963041393724282,0,0,NA,NA,8.321013797908094,0.553347770343867,0.341541234105319,2.58554514944986,3.10953563200168e-7,-2.032197379105993,0.502370198397697,0.281905743032238,-2.03219737910599,1.70580819478264e-4
AT5G03720,6.732857887701545,15.276570289923491,2.1903009708457972,NA,NA,8.06657638282361,-0.835323848389871,0.188615495837282,1.27839873046117,0.0242723590100161,-2.113722578851041,-0.797774377392364,0.111225014353886,-2.11372257885104,4.49182758248085e-4
AT3G54990,0,10.514735797525645,13.1654791050833,NA,NA,7.893404967536315,-0.00106746746774491,0.998097087435447,1.29082953573252,2.80422707184776e-5,-1.2918970032002648,-0.246426288623396,0.397882862372457,-1.29189700320026,5.35702490975121e-5
AT4G39010,0,7.106281159693964,16.14893119457497,NA,NA,7.751737451422978,-0.726451796989504,0.0428282090079819,1.37269128511331,2.878367369708e-6,-2.099143082102814,-0.216401078682842,0.431314716931673,-2.09914308210282,2.86752580387214e-11
AT3G43250,22.79964341577616,0,0,NA,NA,7.599881138592053,3.75290398067807,1.47895712586306e-4,4.81814316315677,4.51697633745318e-7,-1.0652391824786998,1.34355126989163,0.073642679233389,-1.06523918247871,0.292718243233042
AT5G06100,0,0,22.41484634846222,NA,NA,7.471615449487406,-0.248045169338625,0.213233682673647,1.16493499490524,8.56983594812003e-12,-1.412980164243865,0.0316100303723606,0.855883040030818,-1.41298016424387,6.10707762786819e-16
AT1G74870,17.933214471925385,1.4212562319387931,3.0248218657624952,NA,NA,7.459764189875558,-0.0402116547551496,0.955710480851795,1.27262219121711,0.0169435989545926,-1.3128338459722597,-1.20020340259979,0.00602405925336343,-1.31283384597226,0.0176294818566682
AT4G32650,21.86108018049316,0,0,NA,NA,7.287026726831054,0.967839338107931,0.0409323691397112,3.34600798357412,9.68587838862576e-15,-2.378168645466189,0.689898407359352,0.0743931972573549,-2.37816864546619,1.50640975312505e-7
AT1G62130,0,0,20.976326719991476,NA,NA,6.992108906663826,-0.306243707003202,0.239879167005431,1.03137431741506,5.08409763422205e-6,-1.337618024418262,-0.168514279221483,0.425714570295149,-1.33761802441827,1.17985843350271e-8
AT4G30510,4.360188719933561,16.216430726225013,0,NA,NA,6.858873148719525,0.296706212011727,0.440032818767412,1.43700407334684,1.42341630486741e-5,-1.1402978613351131,0.108892854018513,0.743767803186833,-1.14029786133512,0.00143608284536686
AT1G11990,0,10.408454637831682,10.057917686779156,NA,NA,6.822124108203613,0.366885019658623,0.621922629205308,1.91930220102109,0.00108169880508541,-1.552417181362467,-0.357795161055106,0.415420797670702,-1.55241718136246,0.0079538355339004
AT3G25495,0,0,20.083888138295634,NA,NA,6.694629379431878,-0.47756353428736,0.121507560128323,1.55353272382478,7.43705120882663e-9,-2.03109625811214,-0.142141801138144,0.57934046438419,-2.03109625811214,2.97796626882139e-13
AT4G09785,9.79964341577616,4.697826521862284,5.041369776270825,NA,NA,6.51294657130309,-1.05618470793815,0.0701464744183274,1.624849737255,7.48328108689641e-5,-2.68103444519315,-0.995309779836414,5.07338013401034e-4,-2.68103444519315,5.58493563408803e-8
AT4G24430,15.732857887701545,3.697826521862284,0,NA,NA,6.476894803187943,0.854048038444762,0.350939898198621,2.14708982291228,0.0050494991428295,-1.293041784467518,-0.476802801647181,0.201083750532318,-1.29304178446751,0.0549900729396876
AT1G09890,16.732857887701545,2.6850249277551725,0,NA,NA,6.47262760515224,-0.44764904688082,0.467114818813048,1.09946555180609,0.0231169136690941,-1.5471145986869101,-0.593009678876275,0.0616187134786941,-1.54711459868691,0.00283002204746615
AT4G06880,0,0.09347956558685411,19.27304052338745,NA,NA,6.455506696324768,-0.658980696837452,0.137339673572554,1.10886773215138,0.00187088016156185,-1.7678484289888319,-0.267796212339574,0.28222510850504,-1.76784842898883,4.70072381757159e-6
AT1G76640,18.632679595589625,0,0,NA,NA,6.210893198529875,2.12866255510795,0.00721287593126518,4.12796610403171,2.47171533147515e-8,-1.99930354892376,0.795945562437109,0.221680229944906,-1.99930354892376,0.00895020941633202
AT4G39366,0,0,18.27304052338745,NA,NA,6.091013507795817,0.0313153491504156,0.941150943460443,1.0322344349166,0.00120840145171894,-1.0009190857661843,-0.0692217742148903,0.783839625155577,-1.00091908576618,0.0021653613761196
AT3G53480,8.766250651738853,8.13188434790819,1.1241093288124766,NA,NA,6.0074147761531735,0.0895499775165347,0.864865954755211,1.87345018819238,9.56032691445557e-7,-1.7839002106758453,-0.484688392098078,0.172603289059873,-1.78390021067585,3.26562413493949e-6
AT5G02680,0,0,17.810847614908184,NA,NA,5.936949204969395,-0.0870299721348925,0.807850479739051,1.24159776649853,7.4479220278273e-6,-1.3286277386334224,0.314511288405363,0.19764030318616,-1.32862773863342,4.37461772434484e-6
AT1G71330,17.632679595589625,0,0,NA,NA,5.877559865196542,-0.00205182167693268,0.996886794091095,1.61924673259763,5.66716089303021e-6,-1.6212985542745628,0.0981579825393936,0.762144341125412,-1.62129855427456,7.32605771853505e-6
AT2G21510,17.632679595589625,0,0,NA,NA,5.877559865196542,1.78257127572206,0.00291706633549344,2.95140684703125,1.53261110716498e-7,-1.16883557130919,0.64683832433985,0.152789367981873,-1.16883557130919,0.0396201669942166
AT2G25810,0,10.565942173954095,7.03309582101666,NA,NA,5.8663459983235855,0.13673863933589,0.896681666358926,1.7639438690454,0.0199964133001625,-1.6272052297095099,-0.380883479554972,0.3963247640701,-1.62720522970951,0.0307795806430392
AT1G04477,3.7328578877015453,13.697826521862284,0,NA,NA,5.8102281365212765,0.494913675123319,0.423493428552897,2.31351706002984,2.34582491991632e-6,-1.8186033849065208,-0.0545291184018833,0.891552665272107,-1.81860338490652,6.96928403735528e-5
AT4G09420,0,16.88478565303599,0,NA,NA,5.6282618843453305,0.931119352502883,0.0837227381352063,2.858572969126,5.28127848085732e-9,-1.9274536166231169,0.812663659420565,0.0622673855062256,-1.92745361662312,2.45232775527207e-4
AT1G64561,0,10.421256231938793,6.03309582101666,NA,NA,5.484784017651818,0.0295826016233302,0.96636960996111,1.48959131000745,0.00318987226925272,-1.4600087083841198,-0.582052267068827,0.177842988447946,-1.46000870838412,0.00462209258017235
AT3G59750,10.732857887701545,5.553140579846982,0,NA,NA,5.428666155849509,-0.0584762856636838,0.929583863125966,1.76454493595084,1.83732939393693e-4,-1.8230212216145238,-0.349452908351123,0.361927056141748,-1.82302122161453,1.39038064418037e-4
AT5G07640,7.933214471925386,0,8.041369776270825,NA,NA,5.324861416065404,-0.253328737529144,0.68420451310044,1.57573792546175,5.5460621991344e-4,-1.829066662990894,-0.586478451303818,0.121496064347144,-1.82906666299089,1.08748071127662e-4
AT1G33615,7.966607235962693,3.7106281159693966,4.041369776270825,NA,NA,5.239535042734305,-1.64707017316384,0.0778878250144644,1.31854392686726,0.0332965940229342,-2.9656141000311003,-0.955154664907971,0.026880211086236,-2.9656141000311,5.14825657667638e-4
AT1G13480,15.499108539440398,0,0,NA,NA,5.166369513146799,3.45441925288358,8.24539539615368e-4,5.53160978256056,1.65345574003406e-8,-2.07719052967698,1.40887504138975,0.0528024079966485,-2.07719052967698,0.0190340363905781
AT1G68725,12.866428943850773,2.3828514496174584,0,NA,NA,5.08309346448941,0.0426716717791759,0.949561769652211,1.12391018031609,0.0279533996176276,-1.081238508536914,-0.48202557151668,0.13279316721844,-1.08123850853691,0.0413380109899479
AT1G14780,15.128222292791605,0,0,NA,NA,5.042740764263868,2.40345509515054,2.81619344593264e-4,4.1556658039851,4.85001289357564e-11,-1.7522107088345598,1.48029955155245,0.00592834115051673,-1.75221070883456,0.0113797358841521
AT5G24290,14.96482431484349,0,0,NA,NA,4.988274771614496,-0.430066293281988,0.264207409788866,1.3078735951019,7.89206172767951e-5,-1.7379398883838881,-0.096286328570711,0.77142470292854,-1.73793988838388,5.13175238749167e-7
AT4G12430,0,0,14.463341494233248,NA,NA,4.821113831411083,0.276698979838581,0.322294934408093,1.58625446680525,1.99585743118827e-11,-1.309555486966669,0.00884206036462011,0.97122346982272,-1.30955548696667,6.39230536316346e-8
AT2G23985,0,8.276570289923491,6.0496437315249905,NA,NA,4.77540467381616,-1.09342981249629,0.096087285648657,1.15265948401077,0.0238507080500672,-2.2460892965070602,-0.427089641420179,0.263996125524933,-2.24608929650706,1.53826510715354e-4
AT5G52471,0,3.276570289923491,11.008273955254165,NA,NA,4.761614748392552,0.281920040040318,0.785568693460168,2.55601575803516,5.4504493632072e-4,-2.274095717994842,-0.171225254522348,0.757568811495155,-2.27409571799484,0.00114438650970178
AT5G02415,6.799643415776159,6.13188434790819,1.0496437315249905,NA,NA,4.660390498403113,1.08666121095095,0.117321248694923,2.69138756899969,4.83352823684562e-6,-1.6047263580487399,-0.371063342738204,0.321274393714132,-1.60472635804874,5.51726227479376e-4
AT2G09710,3.8330361798134653,3.9871984058928884,6.08273955254165,NA,NA,4.6343247127493346,-0.565406425507872,0.390748650875709,1.71554424096143,5.70040479797447e-4,-2.2809506664693022,-0.545200107236356,0.193744434254916,-2.28095066646931,2.23119010942437e-5
AT3G49540,13.89982170788808,0,0,NA,NA,4.63327390262936,2.32687114744666,0.221364045718018,4.29163849015497,0.0105303185799172,-1.9647673427083099,-0.752857630965653,0.586295647924526,-1.96476734270831,0.27959095466902
AT3G44690,5.432323011365785,8.395653043724568,0,NA,NA,4.609325351696785,-0.221823934505041,0.473592285822699,1.94280670526038,7.85988118225232e-16,-2.164630639765421,-0.348904539616171,0.157957336705611,-2.16463063976542,1.03654151010299e-18
AT2G43375,13.599286831552318,0,0.09928746304998093,NA,NA,4.5661914315341,0.264682277161384,0.675886048146881,1.40447162601549,0.00706380133543119,-1.139789348854106,0.186508269637948,0.702761835177757,-1.1397893488541,0.0426539910774892
AT3G03025,5.89982170788808,5.697826521862284,2.0910135077958163,NA,NA,4.562887245848727,-1.06783897091802,0.122902749254228,1.44819247282188,0.00556381675624301,-2.5160314437399,-0.837368183197817,0.0319747403166074,-2.51603144373989,3.66527211747372e-5
AT3G49070,4.699465123664238,1.8425124638775863,7.066191642033321,NA,NA,4.536056409858381,0.912118510452375,0.19331659844286,1.94046740650925,0.00135759261468055,-1.028348896056875,-0.434488144694271,0.174561333970951,-1.02834889605688,0.0482836123575074
AT5G02565,0,3.553140579846982,10.049643731524991,NA,NA,4.534261437123991,0.93843540009413,0.379301824287648,1.99146776363878,0.0288373288879097,-1.0530323635446501,-0.456651590635046,0.162963816402826,-1.05303236354465,0.183299831818931
AT1G05023,0,13.421256231938793,0,NA,NA,4.473752077312931,-1.13193742819506,0.19266073949023,1.46263399588372,0.0355512052559251,-2.5945714240787803,-0.00374031512664223,0.995358371491664,-2.59457142407878,0.00106476713625427
AT3G58810,8.46571577540309,4.829710869770473,0,NA,NA,4.431808881724521,0.478375327429412,0.180514253045369,1.79601504636369,1.42945405618212e-9,-1.317639718934278,-0.467092989718042,0.035129061641609,-1.31763971893428,1.5438610354109e-6
AT1G74456,0,0,13.06619164203332,NA,NA,4.355397214011107,0.0869753523861725,0.899775097267577,1.12511851097529,0.0329012015991381,-1.0381431585891174,0.10101872135651,0.797239230034585,-1.03814315858912,0.059830812070059
AT1G73700,0,0,13.041369776270825,NA,NA,4.347123258756942,-0.00821423734491161,0.98894399971914,1.1263185891716,0.0163473877168277,-1.1345328265165118,-0.215888297569186,0.621664968128916,-1.13453282651652,0.0240165592394237
AT2G41210,0,0,12.670190375587367,NA,NA,4.223396791862456,-0.0242938455157918,0.947704601487955,1.57980479019761,2.17429256002501e-8,-1.6040986357134017,0.5354955461796,0.0263513930022828,-1.6040986357134,4.34771349287735e-8
AT4G13494,0,12.659421739540946,0,NA,NA,4.219807246513649,-0.568325881524954,0.211768246962086,1.07927202619533,0.00578254777615912,-1.647597907720284,-0.184731587529507,0.591644147522056,-1.64759790772029,6.78206884771363e-5
AT5G02155,7.89982170788808,4.710628115969397,0,NA,NA,4.203483274619159,1.55022937747923,0.318964449841303,2.87955037250021,0.0356630779316979,-1.32932099502098,-0.903170218324071,0.300853691326698,-1.32932099502099,0.315274888630693
AT5G03640,1.3321447192538614,0,11.140657239320806,NA,NA,4.157600652858222,-0.134552097423845,0.762259010279219,1.93714447011084,2.4245844423268e-9,-2.0716965675346852,-0.184402351764354,0.564109534364047,-2.07169656753468,3.42885574130704e-10
AT1G62320,12.46571577540309,0,0,NA,NA,4.15523859180103,4.16980424141553,1.70428405815472e-5,6.14715504553877,3.15804929533449e-11,-1.9773508041232395,0.709605994186086,0.0589318982999027,-1.97735080412325,1.285618092871e-6
AT5G01545,3.8664289438507726,8.276570289923491,0,NA,NA,4.047666411258088,-1.02731598369303,0.227980803053386,1.35596261115955,0.0361458897627409,-2.38327859485258,-0.602878309573144,0.227097466891857,-2.38327859485258,0.00159008662042113
AT1G06977,0,0,12.024821865762496,NA,NA,4.0082739552541655,-0.956462695316188,0.21841116029346,1.20204997608477,0.0409947793984427,-2.158512671400958,-0.643528622224008,0.120812349831385,-2.15851267140095,0.00161068317653157
AT4G35630,0,0,11.971498521999251,NA,NA,3.990499507333084,0.266073547628911,0.490250590295973,2.97760416904403,2.54055388092941e-20,-2.7115306214151187,0.0250865277539956,0.942774803803314,-2.71153062141512,4.91030909482467e-16
AT1G79780,3.8330361798134653,7.987198405892888,0,NA,NA,3.940078195235451,-0.628765776236911,0.349338686686283,1.10951147784071,0.0384150965451376,-1.738277254077621,-0.224186703745472,0.615318153911007,-1.73827725407763,0.00298944483119209
AT5G02875,1.8330361798134653,6.855314057984698,3.041369776270825,NA,NA,3.9099066713563295,0.209076751871157,0.872505787492357,1.91440749369342,0.0415594434735482,-1.705330741822263,-1.06991790469629,0.0154218580238378,-1.70533074182226,0.0609323327894045
AT5G58320,0,11.628753770893752,0,NA,NA,3.876251256964584,0.419669832237005,0.242813765719232,1.56597872844534,9.01093899704177e-7,-1.146308896208335,0.250867230486713,0.405643763431572,-1.14630889620834,8.81030301344423e-4
ArthCp079,3,2.565942173954095,6.03309582101666,NA,NA,3.866345998323585,-1.34053160766998,0.354677945294926,1.9938995033236,0.034903218582648,-3.33443111099358,-1.24195170985023,0.0120557138993666,-3.33443111099359,0.00526315146559204
AT5G43980,11.131788135030021,0,0,NA,NA,3.710596045010007,0.249201968637735,0.499513392017706,1.57833335716476,2.16235984466279e-7,-1.329131388527025,-0.063725013090833,0.843080871877388,-1.32913138852703,2.45813929687655e-5
AT4G34400,10.89982170788808,0,0,NA,NA,3.63327390262936,0.835683246746523,0.239931989900599,1.96848708141303,0.00155551684823422,-1.132803834666507,1.31439411930622,0.00480386724634772,-1.1328038346665,0.0691860216554878
AT3G28945,10.697682202545032,0,0,NA,NA,3.5658940675150106,-0.104553186592799,0.877478717122175,1.80515066957623,5.95500080800034e-4,-1.909703856169029,0.353955995980485,0.46773258400374,-1.90970385616903,6.09113705179658e-4
AT5G08135,4.699465123664238,5.987198405892888,0,NA,NA,3.562221176519042,0.981859928334241,0.351546641176333,3.34656796949206,8.45717219597983e-5,-2.3647080411578187,0.261166417921822,0.633301467675769,-2.36470804115782,9.76824706021554e-4
AT5G01570,2.8664289438507726,4.710628115969397,3.08273955254165,NA,NA,3.5532655374539397,-0.26829199890031,0.741596298285237,1.51860285847765,0.00896432661227598,-1.7868948573779602,-0.652132103446852,0.101597564706414,-1.78689485737797,0.00326121113263424
AT2G46040,10.263576270060042,0,0,NA,NA,3.421192090020014,0.239400636415097,0.464151799499789,1.37600477612306,5.48981174447851e-7,-1.1366041397079631,0.00601864976589236,0.983412662098586,-1.13660413970796,7.87442177258033e-5
AT1G14640,9.896255865649664,0,0,NA,NA,3.2987519552165545,0.158953032824295,0.622362951094703,1.7848510721664,7.12881443294696e-13,-1.625898039342105,0.109690928579749,0.618388453944378,-1.6258980393421,4.25944473148861e-11
AT2G31751,7.298751955216556,2.540338985739872,0,NA,NA,3.279696980318809,0.346807295928233,0.564172330262822,1.91458106669541,1.11389218991777e-4,-1.567773770767177,0.260055926158978,0.585857454160262,-1.56777377076717,0.00268599489493192
AT2G35750,0,4.565942173954095,5.008273955254165,NA,NA,3.1914053764027535,-0.377077934915688,0.670133552417856,1.68576690150616,0.00823780252049735,-2.062844836421848,-0.172330667349454,0.757407278680227,-2.06284483642184,0.00244212238136414
AT3G47348,0,9.344446667296118,0,NA,NA,3.114815555765373,0.147980010780037,0.688650750723617,1.17437747510431,4.24276606640594e-5,-1.0263974643242728,0.0880368352655084,0.674946889647078,-1.02639746432427,3.24052308729058e-4
AT2G39110,9.298751955216556,0,0,NA,NA,3.099583985072185,1.87703724953509,2.34029072798736e-4,3.30102653087873,3.94124181680805e-12,-1.4239892813436401,0.834276025118149,0.0154910477283198,-1.42398928134364,0.00062551112461037305
AT5G15900,0,0,9.057917686779156,NA,NA,3.019305895593052,-0.156065959001298,0.893251633847511,1.94442061365969,0.014341763150969,-2.100486572660988,-0.429526421241058,0.273042435268121,-2.10048657266099,0.0102363940503188
AT3G52530,8.732857887701545,0,0,NA,NA,2.9109526292338486,-0.264318562351501,0.636326023659751,1.81452355897849,1.15330851056539e-5,-2.0788421213299912,0.434002960458424,0.196954811486966,-2.07884212132999,1.14265714634228e-6
AT5G39580,8.66607235962693,0,0,NA,NA,2.8886907865423104,2.18116005319032,0.0262263516532957,4.62489829416349,4.21154658406397e-7,-2.44373824097317,1.61226164342848,0.0417253503086163,-2.44373824097316,0.0136857600454642
AT4G23420,0.6326795955896252,7.987198405892888,0,NA,NA,2.873292667160838,-0.199588065217972,0.751634892919209,1.44559698724361,0.00263411092100758,-1.645185052461582,-0.499602642828054,0.235576622716587,-1.64518505246158,0.00106940438693979
AT1G48820,1.8330361798134653,0.6978265218622841,6.041369776270825,NA,NA,2.8574108259821913,-0.019475601641556,0.985343212656072,1.64905780535279,0.032705279111864,-1.668533406994346,-0.542538345048796,0.218262506954059,-1.66853340699435,0.0346853239013507
AT1G19397,8.363754562171962,0,0,NA,NA,2.787918187390654,-0.092240673562208,0.847993837503332,1.54483503608605,2.21392929156029e-5,-1.6370757096482582,-0.123476940514681,0.709334962370965,-1.63707570964826,1.4875551571288e-5
AT3G58770,7.7662506517388525,0.42125623193879314,0,NA,NA,2.729168961225882,0.176095224027878,0.830226090757572,1.29719443927345,0.0409518362360885,-1.121099215245572,0.0291338939999651,0.954761520209901,-1.12109921524557,0.0872703513764854
AT1G04267,2.966607235962693,4.855314057984698,0,NA,NA,2.6073070979824635,1.48465705636422,0.314965307091989,3.85944161138024,0.00105384185135926,-2.37478455501602,0.262580390951875,0.741301720753394,-2.37478455501602,0.026580061274058
AT5G14470,7.799643415776159,0,0,NA,NA,2.599881138592053,1.40672694013639,0.0817677042262253,2.62668065062769,4.38048322974229e-4,-1.2199537104912999,0.980576097130974,0.143940882850539,-1.2199537104913,0.145944192789264
AT3G28150,1.5658940675150106,0,6.0496437315249905,NA,NA,2.53851259968,-0.439231740483614,0.488995468590226,1.27619259836007,0.0114730870817009,-1.7154243388436838,-0.192468707649033,0.664824335206073,-1.71542433884369,0.00143608284536686
AT4G13280,7.499108539440398,0,0,NA,NA,2.4997028464801327,1.81406927400754,0.0337842736536687,3.81471039556569,7.71997852872137e-7,-2.00064112155815,0.434977422248592,0.445050093269643,-2.00064112155815,0.00330214825470773
AT1G04973,0.8330361798134653,1.5659421739540949,5.057917686779156,NA,NA,2.485632013515572,-0.366093583611366,0.679085588054221,1.63998282434533,0.00905313986984108,-2.006076407956696,-0.622268392792992,0.142850831798057,-2.0060764079567,0.00269948328885723
AT4G22770,0,0,7.45506753897908,NA,NA,2.4850225129930266,0.0221667806933485,0.976148663871834,1.3555794531613,0.021989978694067,-1.3334126724679514,-0.261753842302611,0.641149448142679,-1.33341267246795,0.0405336645831961
AT1G02065,0,0,7.1654791050833,NA,NA,2.3884930350277664,0.275785158254573,0.712061855346369,2.40062029040257,7.08778922066756e-6,-2.124835132147997,-0.0466527042494843,0.884753817249057,-2.124835132148,1.64606147803871e-5
AT5G03830,0,0,7.108710004058111,NA,NA,2.3695700013527037,-0.696273458943354,0.013337725733995,1.07929863871071,1.92151260186381e-5,-1.7755720976540639,-0.308795459138877,0.148291438926872,-1.77557209765407,1.68297255414502e-11
AT1G12950,6.866428943850773,0,0,NA,NA,2.2888096479502575,1.37865738964847,0.0959927567314793,3.97565867244201,3.38877723540571e-8,-2.5970012827935403,0.665900280299163,0.269191243261763,-2.59700128279354,5.77220607817083e-5
AT4G07170,1.8330361798134653,0,5.01654791050833,NA,NA,2.283194696773932,1.90838298703917,0.115196752424108,3.48131988234403,0.00103607419190592,-1.57293689530486,-0.403548752889743,0.377717433128357,-1.57293689530486,0.0295866473403661
AT5G00550,1.7328578877015453,0,5.041369776270825,NA,NA,2.25807588799079,0.862071709356874,0.425773099696614,2.7177546831118,0.00204668000811062,-1.8556829737549259,0.0430297049938386,0.948343640027585,-1.85568297375493,0.0181300954909154
AT2G40711,3.632679595589625,0,3.115835373558312,NA,NA,2.249504989715979,-0.89998973489825,0.0710612236387348,1.06619493961485,0.0109661967582705,-1.9661846745131,-0.323125406754689,0.385048906824501,-1.9661846745131,1.78147446213394e-5
AT5G38000,0,6.710628115969397,0.016547910508330155,NA,NA,2.242392008825909,0.0681737285669311,0.946966828560849,1.84432464309668,0.01426563635621,-1.776150914529749,-1.055283154998,0.0854114817853436,-1.77615091452975,0.0211201679354989
AT5G61550,0,0.7106281159693966,6.008273955254165,NA,NA,2.239634023741187,-0.236830813374916,0.799632338619381,1.88245144032117,0.00353942224014374,-2.119282253696086,-0.348155718576877,0.58897144603582,-2.11928225369608,0.0015820757860855
AT3G47875,0,6.710628115969397,0,NA,NA,2.2368760386564657,-0.564938602744758,0.568465554249698,1.87311543204779,0.00771152905377644,-2.438054034792548,-0.450707657955742,0.435801736005832,-2.43805403479255,0.0016468805837555
AT3G17220,5.632679595589625,0,1.057917686779156,NA,NA,2.230199094122927,0.121180971658512,0.872505787492357,1.19153330322134,0.0402844793573794,-1.070352331562828,0.176465638103637,0.690544490721745,-1.07035233156283,0.0762915500707838
unassigned_gene_11,1.3321447192538614,2.250967101709268,3.099287463049981,NA,NA,2.22746642800437,0.0276702873148021,0.970739305800942,1.83290223274218,3.75819900187675e-4,-1.805231945427378,-0.26187914941761,0.401950898925388,-1.80523194542738,3.93775546826241e-4
AT5G13205,6.660723596269321,0,0,NA,NA,2.2202411987564403,1.08819988138871,0.00180106475485322,2.75453198977262,1.45409815783616e-17,-1.66633210838391,0.688581666025209,0.010855971975585,-1.66633210838391,3.3713055248051e-7
AT1G19480,0,0,6.57917686779156,NA,NA,2.19305895593052,0.050794791678448,0.760514838340122,3.25084773064017,5.57701247054261e-145,-3.200052938961722,-0.0945441208548637,0.545455640886958,-3.20005293896172,1.24272909117164e-142
AT4G14504,0,6.565942173954095,0,NA,NA,2.1886473913180318,-1.38589760569116,0.0484052101432996,1.83948144983801,5.2862379216354e-5,-3.22537905552917,0.0516712613924623,0.901187333163138,-3.22537905552917,8.93981746762463e-8
AT1G51460,0,0,6.364054031183265,NA,NA,2.121351343727755,0.202637601634613,0.638177537960029,1.47257651634485,1.1133184151456e-5,-1.2699389147102371,0.174801826307363,0.479611489967857,-1.26993891471023,1.28808904060621e-4
AT1G09083,3.632679595589625,2.672223333648059,0,NA,NA,2.101634309745895,-0.523502510405099,0.305072948352309,1.78851647469743,6.8884397853488e-6,-2.312018985102529,-0.106905032289909,0.766056642518281,-2.31201898510253,4.31715884929157e-8
AT2G12460,3.3655374832911704,0.8297108697704729,2.099287463049981,NA,NA,2.0981786053705416,-0.556277962061979,0.269484784820731,1.04972477733086,0.0149681190634614,-1.606002739392839,-0.201165192639652,0.61394596236893,-1.60600273939284,4.53727724970231e-4
AT1G64563,0,6.119082753801077,0,NA,NA,2.0396942512670257,0.346024550954954,0.420942288858564,2.73073247445093,1.03397998863014e-15,-2.384707923495976,0.628349096993234,0.0440446520360162,-2.38470792349598,5.22344457309735e-13
AT4G09845,0,0,6.041369776270825,NA,NA,2.0137899254236085,-0.239912908264626,0.739378800580918,1.3173782453103,0.0147900263298018,-1.557291153574926,0.375577959072997,0.362385070543634,-1.55729115357493,0.00605680876097632
AT1G04797,1,4,1.0330958210166603,NA,NA,2.0110319403388868,-1.09878787930004,0.430309842559992,2.03231823468596,0.0287372972167279,-3.131106113986,-1.8259867165626,0.00635536206058929,-3.131106113986,0.00715600232896253
AT3G03815,0,0,6.024821865762496,NA,NA,2.008273955254165,-0.230839526893161,0.8253626917099,3.01288533221659,1.03847783795082e-5,-3.243724859109751,0.404449658192223,0.425197653883086,-3.24372485910975,3.39969661886295e-6
AT1G05833,0,4,2.008273955254165,NA,NA,2.0027579850847217,0.623734589224156,0.649177129569903,2.57992298111399,0.0138622457116603,-1.956188391889834,-1.20600740261199,0.0721342238303466,-1.95618839188983,0.03304932173099
AT3G61410,2.8664289438507726,3.1318843479081897,0,NA,NA,1.999437763919654,0.853955938788378,0.259952463264057,2.76138727086671,1.21715643410639e-5,-1.9074313320783318,0.00775672877566499,0.989623877369539,-1.90743133207834,8.92371062140934e-4
AT3G44770,5.89982170788808,0,0,NA,NA,1.9666072359626934,-0.114216033640926,0.88929526829649,1.65526314611826,0.00481205703677346,-1.769479179759186,0.0803652600036467,0.873078139856004,-1.76947917975919,0.0035332605973116
AT2G01008,5.866428943850773,0,0,NA,NA,1.9554763146169243,-0.153816628894597,0.772029888905485,1.05629266572404,0.0100518671632654,-1.210109294618637,0.137867516886441,0.745546839665076,-1.21010929461864,0.00479453855265352
AT3G10100,0,4.710628115969397,1.0248218657624952,NA,NA,1.9118166605772973,1.736202858386,0.0352899335075954,2.80666179774432,2.12626527669901e-4,-1.07045893935832,1.00668878286424,0.0839169449055316,-1.07045893935833,0.10325327633717
AT1G19394,5.697682202545032,0,0,NA,NA,1.8992274008483438,-0.0134014812383858,0.978458692005128,1.19000083770304,0.00147142987394259,-1.2034023189414258,-0.170951685570082,0.599820520446511,-1.20340231894143,0.00216859423176471
AT1G06033,1.8330361798134653,3.8425124638775863,0,NA,NA,1.8918495478970172,-0.604220284297236,0.415115486508177,1.74396092072937,8.72303423796266e-4,-2.3481812050266058,-0.31014010628836,0.408029881312842,-2.34818120502661,5.03633170992833e-5
AT3G04755,5.632679595589625,0,0,NA,NA,1.8775598651965417,-0.0255139983769447,0.97175389233157,1.15481708530736,0.0292593608807742,-1.1803310836843048,-0.402360352341844,0.24937045976049,-1.18033108368431,0.031497721687802
AT3G62460,0,0,5.31441029965827,NA,NA,1.7714700998860902,0.460926835500612,0.172886227314039,2.45031088206836,1.18847822488322e-16,-1.9893840465677481,0.592324324479836,0.039399418121037,-1.98938404656774,7.08879107447534e-11
AT3G08240,0,5.276570289923491,0,NA,NA,1.7588567633078303,0.931474035377632,0.421670998338765,3.04893172329242,0.00107014902918985,-2.1174576879147877,0.200689919936731,0.74101846048641,-2.11745768791479,0.0070777011164397
AT3G08275,0,5.13188434790819,0,NA,NA,1.7106281159693966,0.843866874842676,0.247127979893199,3.17752314456246,4.20081541181715e-8,-2.3336562697197842,-0.101999904260557,0.8034850479762,-2.33365626971978,4.41919762306951e-7
AT1G09917,3.966607235962693,0,1.0496437315249905,NA,NA,1.6720836558292278,-1.13460459888928,0.411570397082136,2.19148505742929,0.0150628309288027,-3.32608965631857,-0.387813787713601,0.561465464266826,-3.32608965631858,0.00359295708975562
AT3G45095,3,0,2.008273955254165,NA,NA,1.6694246517513884,0.322030747677372,0.707796995510382,1.63427471650177,0.0157831539669351,-1.3122439688243979,0.142848736484142,0.84418092449792,-1.3122439688244,0.0548364420487226
AT2G05280,0,3,2,NA,NA,1.6666666666666667,0.824681604208353,0.558978537620425,2.39330310771445,0.0375875083418364,-1.568621503506097,-0.993645583496341,0.308810927457505,-1.5686215035061,0.139372754152737
AT5G02425,5,0,0,NA,NA,1.6666666666666667,-0.170814680566807,0.835278922915365,1.93394658148331,0.00134929294299296,-2.104761262050117,0.493528499885038,0.527977040164488,-2.10476126205011,8.44247077427611e-4
AT4G07195,1.9666072359626932,0,3.0248218657624952,NA,NA,1.6638097005750627,0.639580017821865,0.648586492082256,2.48455326195422,0.0226942118785527,-1.8449732441323552,-0.882233479999922,0.142351758683023,-1.84497324413236,0.0598402451037971
AT1G13300,4.89982170788808,0,0,NA,NA,1.63327390262936,0.735657297351629,0.293479142517732,1.96838377774995,0.00117896592561793,-1.2327264803983211,0.847007081004012,0.153965209738828,-1.23272648039832,0.0475950008398532
AT2G03810,4.8891241811728605,0,0,NA,NA,1.6297080603909535,0.206013707195538,0.278697436586593,1.25718735149862,1.85569888057824e-14,-1.0511736443030821,0.0860447264080533,0.606191703738816,-1.05117364430308,6.45721459897787e-10
AT5G24140,4.866428943850773,0,0,NA,NA,1.6221429812835908,1.53297694747809,0.148221313829946,3.30971763084118,3.9033073809924e-4,-1.77674068336309,0.631432858811254,0.388735940992407,-1.77674068336309,0.030301372380498
AT1G05043,1.9666072359626932,2.8553140579846983,0,NA,NA,1.6073070979824637,0.922160404396205,0.523102883613221,4.54200540531639,1.52991299002045e-5,-3.619845000920185,0.481408113714829,0.351562133607788,-3.61984500092018,1.89271544866381e-5
AT2G35744,3.7662506517388525,0,1.0496437315249905,NA,NA,1.6052981277546143,-0.970621353571897,0.125485924035666,1.21929849206851,0.0102260053875672,-2.189919845640407,-0.371245706384094,0.350926926401099,-2.18991984564041,7.62662802076295e-5
AT1G06573,4.797860494656952,0,0,NA,NA,1.5992868315523172,0.402825834504184,0.490314773936285,2.21742110633169,4.08091954932984e-6,-1.814595271827506,0.385433039591882,0.35431803990484,-1.81459527182751,2.59647070486178e-4
AT4G04005,0,1.7106281159693966,3.0330958210166603,NA,NA,1.5812413123286857,3.05460042926496,0.0105635605119028,4.50793306152154,2.88000723487885e-5,-1.4533326322565805,-1.11713443317126,0.0396219393097491,-1.45333263225657,0.0670675977341256
AT1G30110,4.731074966582341,0,0,NA,NA,1.5770249888607804,0.513355615514384,0.0830270746663932,2.50049281996438,4.86423011249569e-22,-1.9871372044499958,0.369611353056574,0.138296463182573,-1.98713720445,1.81041028234481e-14
AT1G06753,0,1.7106281159693966,3.01654791050833,NA,NA,1.5757253421592423,0.0275102248423385,0.985528733312617,2.31768673448345,0.027301393587882,-2.2901765096411117,-0.576417329648914,0.317569642500319,-2.29017650964111,0.0275401765930718
AT3G26350,0,4.710628115969397,0,NA,NA,1.570209371989799,0.407242761601388,0.549520822756207,1.47759996891875,0.00738348122790034,-1.070357207317362,-0.0265185751632523,0.95536147945221,-1.07035720731737,0.0472928272513623
AT5G01760,2.8998217078880795,1.7106281159693966,0,NA,NA,1.536816607952492,-0.741501850456499,0.455704445183232,2.23777465757726,0.00159821283154001,-2.979276508033759,-0.425497255912969,0.505783006443195,-2.97927650803376,1.87455058444706e-4
AT5G13990,2.8664289438507726,1.7106281159693966,0,NA,NA,1.525685686606723,1.77328474268831,0.0764725613914372,2.85221692838277,0.00171543270623301,-1.07893218569446,0.598030813333733,0.292045313941276,-1.07893218569446,0.129970808061967
AT1G01660,4.4657157754030905,0,0,NA,NA,1.4885719251343634,1.04231515679128,0.00862400422955591,2.61715424822399,8.97452544972676e-14,-1.57483909143271,0.885275973480498,6.60608179817514e-4,-1.5748390914327,2.80735354656397e-7
AT5G00760,2.9332144719253863,1.4212562319387931,0,NA,NA,1.4514902346213931,0.625573552160052,0.474667228115619,2.48067106995941,2.66078151626536e-4,-1.8550975177993578,0.450506174205345,0.340273325301415,-1.85509751779936,0.00155434032018856
AT5G53048,0,4.263768695816379,0,NA,NA,1.4212562319387931,0.573949467485334,0.358923531480662,2.25811098026026,7.26510065597975e-6,-1.6841615127749259,0.324287647215986,0.390019384308006,-1.68416151277492,2.67772061805198e-4
AT1G28765,0,0,4.223396791862456,NA,NA,1.4077989306208185,0.801745521762068,0.0695289487434153,2.01208348408084,2.02504529016726e-7,-1.2103379623187718,0.189993430311391,0.518812011321111,-1.21033796231877,8.237420009598e-4
AT3G18300,0,0,4.132383284066641,NA,NA,1.3774610946888803,0.0357806794793312,0.943872779750838,1.71095074865465,1.89498430206179e-6,-1.6751700691753189,0.146684639590142,0.606519274357571,-1.67517006917532,2.36345907993505e-6
AT2G04955,0,0,4.107561418304146,NA,NA,1.3691871394347153,0.0425903389988154,0.932500423663487,1.27134806229778,9.20287419125942e-4,-1.2287577232989646,0.165308379196914,0.673849583371963,-1.22875772329897,0.00222146935442142
AT5G28430,1.699465123664238,1.2637686958163794,1.115835373558312,NA,NA,1.3596897310129765,-0.245395063101363,0.574041027092228,1.05618667168501,0.00197289898695507,-1.301581734786373,0.00693630718964163,0.984171341372329,-1.30158173478637,2.37351979924352e-4
AT1G27640,0,3,1.0165479105083302,NA,NA,1.3388493035027766,-1.50461912402383,0.335720969563246,2.64004361176701,0.0140066701128472,-4.14466273579084,-0.475939285874133,0.567578346089265,-4.14466273579084,5.75134813505861e-4
AT5G00765,0,0,4.01654791050833,NA,NA,1.3388493035027766,0.908494407589771,0.530429404952425,3.72922715964062,5.3017821717423e-4,-2.820732752050849,0.312940922538059,0.652061960690131,-2.82073275205085,0.00159628319254545
AT2G29620,0,3.9871984058928884,0,NA,NA,1.3290661352976294,1.24197033370103,0.0869329910207143,3.12027441590462,1.27694407973167e-6,-1.87830408220359,-0.0502624098261982,0.93577117550537,-1.87830408220359,0.00273908660651087
AT1G54070,0.9666072359626932,3,0,NA,NA,1.3222024119875644,2.17666933938795,0.0995110607174595,3.70985907009536,0.00141176219279722,-1.5331897307074098,0.0774975069675114,0.942543002289606,-1.53318973070741,0.115220471876943
AT4G24340,3.966607235962693,0,0,NA,NA,1.3222024119875644,1.55745931042219,0.0461004921281336,2.58651817382616,2.88444959218048e-4,-1.02905886340397,0.445350749159303,0.491461068646757,-1.02905886340398,0.102588869140742
AT1G10586,0.6660723596269307,3.276570289923491,0,NA,NA,1.3142142165168071,2.29500202301165,0.0507634424711817,3.50032863164914,0.0013561212989595,-1.20532660863749,0.182025246527279,0.834521595348947,-1.20532660863749,0.233854512785415
AT1G53410,1.3655374832911704,2.540338985739872,0,NA,NA,1.3019588230103476,-0.426934142871996,0.422885309370181,1.38713634660906,8.9108888271817e-4,-1.814070489481056,-0.446674848109639,0.160737095838225,-1.81407048948106,3.96496363457793e-5
AT1G01046,3.8664289438507726,0,0,NA,NA,1.2888096479502575,-0.205629040773177,0.780869004995966,2.10380693752798,2.63297137797125e-5,-2.309435978301157,0.302615455341448,0.477783159103015,-2.30943597830115,5.61925351253955e-6
AT4G16540,0.7662506517388525,0,3.057917686779156,NA,NA,1.2747227795060028,0.745535164001178,0.155876073936385,1.7717788705528,9.69855822757499e-5,-1.026243706551622,-0.401601225361166,0.236821446684643,-1.02624370655162,0.0140444288285589
AT1G06087,0.9332144719253863,2.8553140579846983,0,NA,NA,1.2628428433033616,0.579275654870904,0.71811344949873,3.73397088256576,8.50725967857724e-4,-3.1546952276948557,0.154192910394204,0.847759272014426,-3.15469522769485,0.00207542223351524
AT4G02430,0,0,3.7375306033746654,NA,NA,1.2458435344582217,-0.3883265997845,0.205439877073121,1.56626474240543,4.17466186112791e-9,-1.95459134218993,-0.0796541605238028,0.762144341125412,-1.95459134218993,1.36988907125306e-12
AT4G25707,3.599286831552318,0,0,NA,NA,1.1997622771841059,0.28016278324296,0.719848427175838,1.98755257907816,0.0010370150057989,-1.7073897958352,-0.306774084225155,0.535200716488471,-1.7073897958352,0.00563613613726781
AT3G01140,0,2.565942173954095,1.0330958210166603,NA,NA,1.1996793316569183,-0.532119811373799,0.557010003524138,1.32729973023546,0.0478920386476417,-1.8594195416092592,-0.619758994331128,0.168358710011614,-1.85941954160926,0.0119102709373062
AT3G45710,0,3.553140579846982,0,NA,NA,1.1843801932823272,1.51849447957211,0.00101402715036153,3.00075436322364,8.68639922986437e-13,-1.4822598836515302,0.623143441202666,0.0463634127866418,-1.48225988365153,1.14616146600133e-5
DA397_mgp37,0,3.421256231938793,0,NA,NA,1.1404187439795976,0.752594951271665,0.471070366197372,2.6756697816955,0.00120532603525253,-1.923074830423835,0.178999930833114,0.70847148350013,-1.92307483042383,0.00707889122897707
AT5G07380,3.3321447192538614,0,0,NA,NA,1.1107149064179538,0.679842951092269,0.14978619590715,2.16170215823731,6.06857494260785e-8,-1.481859207145041,0.673757513592564,0.0258445105932816,-1.48185920714504,5.61051631831929e-5
AT1G04277,0,0.276570289923491,3.041369776270825,NA,NA,1.105980022064772,-0.00614885818993494,0.995585685148173,2.35506929081388,8.65949557611203e-4,-2.361218149003815,-0.0883877441565562,0.867956626029915,-2.36121814900382,6.79773770112917e-4
AT1G31290,3.2319664271419413,0,0,NA,NA,1.0773221423806472,1.38532228244251,0.00406693099613734,3.14646362045748,2.91049740565582e-12,-1.7611413380149699,0.701542002053833,0.0945029716526175,-1.76114133801497,2.03489477337355e-4
AT2G11150,2.9332144719253863,0.276570289923491,0,NA,NA,1.0699282539496258,-0.143940904006285,0.870572127303286,1.57168326111737,0.0122288301852006,-1.7156241651236548,-0.664454088835049,0.155802243742679,-1.71562416512366,0.00808956336574624
AT2G08865,0,0.1318843479081897,3.0330958210166603,NA,NA,1.0549933896416166,-0.104305884806334,0.893491938272902,1.72106419093931,0.00159149544269711,-1.8253700757456441,-0.474347871719342,0.279105453533647,-1.82537007574565,0.00100616710516331
AT4G24170,0.8664289438507726,2.276570289923491,0,NA,NA,1.0476664112580878,-0.699692748082047,0.592962234997484,1.83188823290829,0.0420590310130423,-2.531580980990337,-0.00135475165359852,0.998251846951064,-2.53158098099034,0.0151013085980768
AT4G02885,0,3.1318843479081897,0,NA,NA,1.0439614493027298,0.0740346586621217,0.917335950208307,1.77008035764373,5.07890514118827e-4,-1.6960456989816084,-0.317183173220722,0.452062599534567,-1.69604569898161,9.78688271192331e-4
AT3G06345,3.0966124498735113,0,0,NA,NA,1.0322041499578372,-0.109319025168208,0.835851686389747,1.63132736401953,6.97641199565849e-5,-1.740646389187738,0.223170172553525,0.5613186862921,-1.74064638918774,5.50184934248416e-5
AT1G43640,1,2,0.016547910508330155,NA,NA,1.0055159701694434,-0.377601948863188,0.748221297099181,2.09305265240473,0.00927006125469478,-2.470654601267918,-1.53896482194752,0.132211244499367,-2.47065460126791,0.00416840921719249
AT1G09867,1,0,2.008273955254165,NA,NA,1.0027579850847217,1.37969474268314,0.312356735284632,2.85453039636035,0.0139267666602942,-1.4748356536772098,0.0610894625988141,0.941685264849559,-1.47483565367721,0.133191974130012
AT4G09430,2,1,0.008273955254165077,NA,NA,1.0027579850847217,0.326035737587319,0.839440577820523,2.8643768236095,0.0135676246233313,-2.5383410860221813,-1.2000722485527,0.340120115378304,-2.53834108602218,0.0230689060575278
AT1G31250,1,2,0,NA,NA,1,0.196605306610587,0.920671067942215,2.67321833319744,0.0494883796659058,-2.476613026586853,-1.24266172065227,0.314963904431646,-2.4766130265868598,0.106986503172142
AT1G59265,3,0,0,NA,NA,1,1.74245532510115,0.189245266448447,3.40375100230136,0.00314717006416561,-1.66129567720021,1.82042363125789,0.046420716579395,-1.66129567720021,0.0681340339364001
AT2G09170,0,3,0,NA,NA,1,0.605932608768489,0.533052073620157,3.11038476137339,1.95769840501682e-5,-2.504452152604901,-1.11944036221609,0.154783221087804,-2.5044521526049,5.60609775983522e-5
AT3G46500,2,1,0,NA,NA,1,-0.380470863090302,0.854470550537582,2.97212998155367,0.0400957695191422,-3.3526008446439723,0.89077456878017,0.521637619174013,-3.35260084464397,0.0344036401718579
AT4G32510,0,2,1,NA,NA,1,0.586084465060895,0.752096133610321,3.48369118740624,0.0114885186963812,-2.897606722345345,-1.99757142609515,0.108190141019823,-2.89760672234535,0.0349512652557953
unassigned_gene_41,0,3,0,NA,NA,1,-0.380476484259998,0.84159724522295,3.23083385779193,0.0135044592878917,-3.611310342051928,0.0212583474725682,0.983329514586376,-3.61131034205193,0.0108158405449897
AT2G09165,2.966607235962693,0,0,NA,NA,0.988869078654231,1.1575507010171,0.121001897996609,2.494700229379,1.31630117997641e-4,-1.3371495283619002,0.907387548776545,0.172740172059899,-1.3371495283619,0.0182954964712236
AT4G22470,2.966607235962693,0,0,NA,NA,0.988869078654231,2.43285613345466,0.0890446159244184,5.05466818361622,7.48328108689641e-5,-2.6218120501615605,1.63625708402733,0.115613609083496,-2.62181205016157,0.0110166685587508
AT1G55175,0.9332144719253863,0,2.0248218657624952,NA,NA,0.9860121125626272,1.47758461041578,0.202835257391973,3.22504402535794,0.0011565051089689,-1.7474594149421603,0.249706824425481,0.708919434119835,-1.74745941494216,0.0144398784403429
AT1G05894,2.8664289438507726,0,0,NA,NA,0.9554763146169242,-0.279669329955487,0.714278443516634,1.48760406867159,0.00711398216013492,-1.767273398627077,0.52676061050406,0.250274047596693,-1.76727339862707,0.00225887575717276
AT1G75830,2.8664289438507726,0,0,NA,NA,0.9554763146169242,2.41255723665372,0.00846610164875235,4.24930594994556,3.62756303803176e-7,-1.8367487132918403,1.42864159639287,0.0127472876817428,-1.83674871329184,2.28806259131275e-4
AT5G15845,2.8664289438507726,0,0,NA,NA,0.9554763146169242,1.38274070549403,0.299649704057003,3.09538786591889,0.00544150200319155,-1.71264716042486,0.0527782961232434,0.936511598954319,-1.71264716042486,0.0543997364578704
AT3G13782,2.86464602273157,0,0,NA,NA,0.95488200757719,0.713507534812773,0.025045420374816,2.15313534465048,1.3518725887557e-14,-1.4396278098377069,0.741043060437434,4.76656623259242e-4,-1.43962780983771,3.85193853888579e-8
AT1G09185,0,2.8553140579846983,0,NA,NA,0.9517713526615661,0.336428444839048,0.824167512318951,2.23274701676011,0.0444636856072076,-1.896318571921062,-1.28614132551607,0.0540645053055175,-1.89631857192106,0.0742022496306886
AT1G70440,2.8330361798134653,0,0,NA,NA,0.9443453932711551,2.95427004520639,0.00287717683843783,4.35713400352213,3.00931731062573e-6,-1.4028639583157405,1.64929994449218,0.0134827491774464,-1.40286395831574,0.042233078608324
AT1G08563,0.9666072359626932,1.8553140579846983,0,NA,NA,0.9406404313157971,1.16994573573814,0.433107011006869,3.44641805045829,0.00237392606698071,-2.27647231472015,0.226282158177374,0.745546839665076,-2.27647231472015,0.0348300286904642
AT1G36600,2.799643415776159,0,0,NA,NA,0.9332144719253863,3.39747679002028,0.00655655473068399,4.92952912853554,2.28277111507943e-5,-1.53205233851526,2.49615898522036,6.05382385954749e-4,-1.53205233851526,0.0768972735537407
AT1G61110,0.9332144719253863,1.7106281159693966,0.008273955254165077,NA,NA,0.884038847716316,1.31112531434646,0.430832485077823,3.40793722348058,0.00706067238462545,-2.0968119091341197,0.275374116690133,0.786576514532902,-2.09681190913413,0.134054666252966
AT1G07653,0,2.565942173954095,0.03309582101666031,NA,NA,0.866345998323585,-0.380472556143893,0.832339107722146,2.68350060681182,0.0215150908904186,-3.0639731629557128,-0.591463789847031,0.376588680682286,-3.06397316295571,0.0156514448516348
AT3G60920,0,2.565942173954095,0,NA,NA,0.8553140579846983,0.564812667443565,0.630206698659343,1.96085786519742,0.0419477901236455,-1.396045197753855,-0.224465600127278,0.801476622704742,-1.39604519775386,0.156329589466027
AT4G03475,0.432323011365785,0,2.1241093288124766,NA,NA,0.8521441133927539,-0.237494278925318,0.594698025086847,1.06158171868203,0.00305505127846121,-1.299075997607348,0.156977304002303,0.640575714623342,-1.29907599760735,5.2854167567943e-4
AT3G28750,0,1.4212562319387931,1.0248218657624952,NA,NA,0.8153593659004295,-0.974973686305762,0.370578424258443,1.78967384869238,0.0244391256383202,-2.764647534998142,-0.174465368875295,0.791947801841379,-2.76464753499814,0.00299268584282838
AT5G02605,0,0.42125623193879314,2.01654791050833,NA,NA,0.8126013808157078,0.421705704285531,0.737699430217473,2.13118085851372,0.0248059054242066,-1.7094751542281892,-0.333634343481591,0.574783785574839,-1.70947515422819,0.0549910764704099
AT1G09087,0,2.4084546378316816,0,NA,NA,0.8028182126105605,-0.381060866484383,0.436587833720797,1.43450374354525,8.53193655905807e-5,-1.8155646100296328,0.106726675967833,0.743741132315175,-1.81556461002964,2.02248229721666e-6
AT2G05812,0,2.276570289923491,0,NA,NA,0.7588567633078304,0.740228946796736,0.43505974329341,2.25304252862295,0.00346278558421965,-1.512813581826214,-0.327788924161794,0.526539420244364,-1.51281358182621,0.0268007954022222
AT4G08225,0,2.276570289923491,0,NA,NA,0.7588567633078304,1.83258971234749,0.0929188391747229,3.74471275758183,8.3322447501386e-5,-1.91212304523434,-0.316858150108502,0.507145257925312,-1.91212304523434,0.00123381132907707
AT4G38620,0,0,2.224545377616437,NA,NA,0.7415151258721456,0.940341673683235,0.00271321670807028,1.9755978138656,2.41565857715809e-11,-1.0352561401823652,0.610216891192129,0.0187073486968176,-1.03525614018236,0.00131612827186691
AT5G02400,2.1985736631046358,0,0,NA,NA,0.7328578877015453,0.788551798270628,0.0562576731253923,2.65038619519836,4.14844260862747e-13,-1.8618343969277318,0.864059828830247,0.00745335530451515,-1.86183439692774,2.79237198715229e-7
AT3G45660,0,2.1318843479081897,0,NA,NA,0.7106281159693966,1.49023470523495,0.0421953732904738,3.76267663234772,4.17701395021919e-9,-2.27244192711277,1.37366729341954,0.0085958658183849,-2.27244192711277,8.88435585288166e-6
AT5G07285,0,0,2.0910135077958163,NA,NA,0.6970045025986055,-0.420687445171244,0.41876966557069,1.87614778034229,5.45949277035486e-7,-2.296835225513534,0.156889593782997,0.590859295764725,-2.29683522551353,5.49734012531419e-9
AT4G28790,0,0,2.041369776270825,NA,NA,0.680456592090275,1.78055657476213,0.0389659659491031,3.79214953376148,1.30863541879213e-6,-2.0115929589993504,1.90979136453024,0.00267552356802932,-2.01159295899935,0.00698584522377827
AT2G07875,0,0,2.0248218657624952,NA,NA,0.6749406219208317,2.27661779231079,0.0536399751639989,4.58582257982388,9.56637567533008e-6,-2.3092047875130897,0.398587339176406,0.404405981285517,-2.30920478751309,1.81046549660939e-4
AT1G10530,0,0,2.008273955254165,NA,NA,0.6694246517513883,0.628437771368119,0.521259938080284,2.41895784307712,0.00193109114625707,-1.7905200717090008,0.141017698749167,0.861699213698995,-1.790520071709,0.0141069005473393
AT2G08445,2,0,0.008273955254165077,NA,NA,0.6694246517513883,-0.142192130459018,0.91664070704408,2.21604591865155,0.0167214631483765,-2.358238049110568,0.61927862017911794,0.579968702580116,-2.35823804911057,0.0142373874671516
AT2G43745,0,0,2.008273955254165,NA,NA,0.6694246517513883,0.0448010385888124,0.969292523508076,1.88885351208261,0.0200487020231615,-1.8440524734937975,-0.093656520771695,0.882059193377974,-1.84405247349379,0.0238396257057681
AT3G01375,1,0,1.008273955254165,NA,NA,0.6694246517513883,2.06236243146898,0.161774375927988,3.41610288825572,0.00735738082485484,-1.3537404567867402,-0.466979038776434,0.643071169136052,-1.35374045678674,0.29953397349225
AT3G12977,0,0,2.008273955254165,NA,NA,0.6694246517513883,1.72267634426301,0.0215413902082004,2.88533487832168,2.59953239364512e-5,-1.1626585340586701,0.421779404306152,0.472054459064022,-1.16265853405868,0.0414732017879098
AT3G30842,2,0,0.008273955254165077,NA,NA,0.6694246517513883,2.10503996523388,0.253619931189718,3.3153692049981,0.0447784289379171,-1.2103292397642198,1.48987844698757,0.326579670944239,-1.21032923976422,0.524696319533988
AT3G44717,2,0,0.008273955254165077,NA,NA,0.6694246517513883,1.59696613815977,0.275765750814939,2.94829448487638,0.0221731671145196,-1.3513283467166102,0.988317553359043,0.381929838326841,-1.3513283467166,0.25367581473668
AT4G08175,0,0,2.008273955254165,NA,NA,0.6694246517513883,-0.957549459843575,0.585227854935528,2.92309423764296,0.0160424196547157,-3.880643697486535,0.234942860865872,0.786201188954627,-3.88064369748653,0.00260913707677127
AT4G31398,1,0,1.008273955254165,NA,NA,0.6694246517513883,2.31578530575553,0.0783766701550312,4.79867875921604,9.61953940071194e-6,-2.48289345346051,-0.0667810242672145,0.946741591344072,-2.48289345346051,0.00498083080377601
AT5G06295,0,0,2.008273955254165,NA,NA,0.6694246517513883,1.30955002808528,0.440165940189523,3.24436531683592,0.0134886341737928,-1.9348152887506398,-0.388111464696253,0.734120693069785,-1.93481528875064,0.190733425311548
AT1G16120,0,2,0,NA,NA,0.6666666666666666,1.59175534309984,0.237542421165851,3.33983579669498,0.00373495863530928,-1.7480804535951402,1.58373944616684,0.0698310864360326,-1.74808045359515,0.0585917738873887
AT1G52110,0,2,0,NA,NA,0.6666666666666666,1.14133514687007,0.523085381418535,3.06433513402547,0.0332816094918649,-1.9229999871554,-0.611861146111185,0.6970458500896,-1.9229999871554,0.210855870372871
AT1G09463,0,2,0,NA,NA,0.6666666666666666,1.18258288212885,0.367361659407499,2.88456377800258,0.00897311445943535,-1.7019808958737301,1.01468247558198,0.162860335103571,-1.70198089587373,0.068497305042851
AT1G78340,0,2,0,NA,NA,0.6666666666666666,0.894435227505288,0.580327072433887,2.68406094879051,0.0380858085099129,-1.7896257212852218,-0.619433907075896,0.597286651579132,-1.78962572128522,0.152265299700356
AT2G09510,2,0,0,NA,NA,0.6666666666666666,-1.51752923196751,0.349074314703549,2.3112589063912,0.04736955678721,-3.8287881383587097,-0.708775790688993,0.493455510301578,-3.82878813835871,0.00323990760392297
AT3G02225,2,0,0,NA,NA,0.6666666666666666,-0.957547823011267,0.578420626318728,2.68213981434499,0.0250898700477474,-3.639687637356257,0.0361073719314112,0.970347702089463,-3.63968763735626,0.0042474822868887796
AT3G53590,2,0,0,NA,NA,0.6666666666666666,2.75822020955367,0.0359735622766235,4.01613493621324,7.24101639254803e-4,-1.2579147266595703,0.623821935622847,0.494744710876992,-1.25791472665957,0.235478158718955
AT5G52680,2,0,0,NA,NA,0.6666666666666666,1.31567831757587,0.47311691000068,3.61748304151219,0.0108211269488706,-2.3018047239363204,0.16929753170877,0.919607236713707,-2.30180472393631,0.146998797634229
AT5G65130,0,2,0,NA,NA,0.6666666666666666,1.66377577916937,0.080964141200666,3.36825647893088,7.62052693660412e-5,-1.70448069976151,1.68028457545179,0.024016785503847,-1.70448069976151,0.0217466793209122
AT5G60408,0.9666072359626932,0,1.008273955254165,NA,NA,0.6582937304056194,0.773677877485745,0.688819070366436,3.10393088543022,0.029597706009449,-2.3302530079444748,0.487944465321324,0.698451898273977,-2.33025300794447,0.158735367413864
AT1G27080,1.9666072359626932,0,0,NA,NA,0.6555357453208978,0.767070803408878,0.676326126224654,2.89247176345908,0.0360491381665974,-2.125400960050202,0.596070018710096,0.599846145905272,-2.1254009600502,0.162017193678836
AT1G07963,0.9666072359626932,1,0,NA,NA,0.6555357453208978,1.76252588193921,0.319222997827818,3.27108850340533,0.0302668522934839,-1.50856262146612,0.507850838547305,0.753883543349052,-1.50856262146612,0.373359157733418
AT3G21351,1.9666072359626932,0,0,NA,NA,0.6555357453208978,0.879013692418251,0.312406692606523,2.5526679281576,5.70694804203725e-4,-1.6736542357393491,0.530620260901929,0.486446105543612,-1.67365423573935,0.0214504873888018
AT4G25310,0.9666072359626932,0,1,NA,NA,0.6555357453208978,-0.380470860688456,0.835863706253431,2.87713080332197,0.0166591983321158,-3.257601664010426,0.380581806459762,0.704509306834406,-3.25760166401043,0.0124063747472255
AT5G38743,1.9332144719253863,0,0,NA,NA,0.6444048239751288,1.46116117198642,0.30975929352646,4.13053531300853,2.33078366219113e-4,-2.6693741410221103,-0.224821545642474,0.779271053584134,-2.66937414102211,0.00660036744335959
AT5G60320,0.9332144719253863,1,0,NA,NA,0.6444048239751288,1.4825335396212,0.328562122171555,2.78883315432901,0.0310070953084969,-1.3062996147078099,0.753662541463016,0.480132910718169,-1.3062996147078,0.319962729170142
AT4G10580,1.8998217078880795,0,0,NA,NA,0.6332739026293598,1.29303831416073,0.149314146852337,2.51554453818811,0.00159920915193234,-1.2225062240273799,1.26924672277117,0.0337165958008761,-1.22250622402738,0.0947599349104478
AT5G48430,1.8998217078880795,0,0,NA,NA,0.6332739026293598,1.31255609921917,0.249861403737739,4.18684128811795,1.33823657846751e-5,-2.87428518889878,0.176835104911946,0.849946071030246,-2.87428518889878,6.74010875688765e-4
AT4G04445,1.8664289438507726,0,0,NA,NA,0.6221429812835909,0.0416222271510158,0.971570032587055,1.88902632819575,0.0201987687622982,-1.8474041010447342,0.137418974060361,0.817563939601121,-1.84740410104473,0.0238300663302888
AT1G27720,1.86464602273157,0,0,NA,NA,0.6215486742438566,1.69838005685034,1.89633492511446e-5,2.87574683101775,1.24207844997911e-14,-1.17736677416741,1.31765952259144,2.10639818089613e-6,-1.17736677416741,4.02530743434837e-4
AT2G08350,0,1.8553140579846983,0,NA,NA,0.6184380193282327,0.160216814920048,0.928635851780219,2.59464004086519,0.0340740065814293,-2.434423225945142,-0.234288323246994,0.839932676539483,-2.43442322594514,0.0584552900468265
AT5G07095,0,1.8553140579846983,0,NA,NA,0.6184380193282327,0.425868567917304,0.701353406054364,1.94111056199295,0.0297619711925661,-1.515241994075646,-0.531933417344192,0.544381305176571,-1.51524199407565,0.101759626422707
AT1G72125,1.8330361798134653,0,0,NA,NA,0.6110120599378218,1.66838673692259,0.0780681215012948,2.74321236718967,0.00143701548785913,-1.07482563026708,1.58798900487336,0.0114140607075267,-1.07482563026708,0.141402439028073
DA397_mgp30,1.8330361798134653,0,0,NA,NA,0.6110120599378218,-0.526209770327147,0.430531332118195,1.29129908570791,0.0130110996587547,-1.8175088560350572,0.512484055841149,0.179981176024567,-1.81750885603506,0.00120623188871589
AT3G44765,0.9332144719253863,0.8553140579846983,0,NA,NA,0.5961761766366949,1.16494259612311,0.434560269077073,3.54208895743059,0.00163191807358754,-2.37714636130748,-0.122400451893483,0.880694800527926,-2.37714636130748,0.0253506384626106
AT4G03845,0,1.7106281159693966,0.016547910508330155,NA,NA,0.5757253421592422,-0.179855629761706,0.882207279070359,2.17237978947882,0.00909613055607977,-2.352235419240526,0.883547258949728,0.12763143247807,-2.35223541924053,0.00647305873254499
AT4G08805,0,0.7106281159693966,1.008273955254165,NA,NA,0.5729673570745205,0.196599495657129,0.917996104719335,3.83374934867351,0.00166567441541084,-3.637149853016381,-0.0616041346481286,0.94494950744069806,-3.63714985301638,0.00620582155876494
AT1G27040,0,1.5659421739540949,0,NA,NA,0.5219807246513649,1.62023176660117,0.162512398085508,3.41394543992309,6.72068410877824e-4,-1.7937136733219199,0.303722932073083,0.631984739426639,-1.79371367332192,0.0120014135817244
AT1G29600,0,1.4084546378316816,0,NA,NA,0.4694848792772272,0.261164031319959,0.682522993690792,1.89473872277707,9.24083796247038e-5,-1.633574691457111,0.661493153693496,0.0506775855664636,-1.63357469145712,5.44383734927995e-4
AT5G12340,1.3321447192538614,0,0,NA,NA,0.4440482397512871,2.72692978432485,4.48906194600229e-4,3.79020028351417,4.01178268203707e-7,-1.0632704991893198,2.07251082764731,0.00114922593642175,-1.06327049918933,0.22954820063401
AT3G03300,1.316098429181011,0,0,NA,NA,0.4386994763936703,-0.0295898036325165,0.870946331722411,1.19277966065811,2.50967621282608e-18,-1.2223694642906264,0.0917731518701092,0.477401336639834,-1.22236946429062,1.24978785211734e-18
AT1G08937,0,1.276570289923491,0,NA,NA,0.425523429974497,0.793291452977075,0.477412953209289,3.28755344022341,1.1632429080664e-4,-2.494261987246335,0.530532272110571,0.28276239573597,-2.49426198724634,2.39307191491076e-4
AT5G02690,0,0,1.2482186576249532,NA,NA,0.4160728858749844,-0.121658683637661,0.767439797171837,2.15221476993136,6.48233949235118e-14,-2.273873453569021,0.221514924330329,0.340230246611098,-2.27387345356902,1.63679077114368e-15
AT1G52570,1.2319664271419413,0,0,NA,NA,0.4106554757139804,-0.0690482868910016,0.901737319314035,1.57375094563183,2.13537334918594e-4,-1.6427992325228316,0.0265752175675392,0.950965410448312,-1.64279923252283,2.40523292294917e-4
AT5G14650,0,0,1.173753060337468,NA,NA,0.3912510201124893,0.0395421028720437,0.93664807677431,1.48952176811981,4.34514185224499e-5,-1.4499796652477663,0.136830948539,0.663606366172122,-1.4499796652477701,8.7544190200533e-5
AT5G03165,0,1.1318843479081897,0,NA,NA,0.37729478263606325,0.94159802813599,0.162916954424298,2.54737053009372,6.3124423970422e-6,-1.60577250195773,0.0695004339423426,0.87190370476533,-1.60577250195773,4.71754676223674e-4
AT5G60310,0,1.1318843479081897,0,NA,NA,0.37729478263606325,0.449852759797908,0.701977279998133,2.29367062113596,0.0106894419683245,-1.843817861338052,0.223232425248815,0.721434312251464,-1.84381786133805,0.0308629476564752
AT1G52820,1.1317881350300212,0,0,NA,NA,0.37726271167667375,-0.446487986417429,0.391017902700353,1.15077548296213,0.00810675288521741,-1.5972634693795589,0.316333708008315,0.394434693172974,-1.59726346937956,5.17463965587595e-4
AT5G38747,0,0,1.057917686779156,NA,NA,0.35263922892638533,-0.128949191460297,0.867360300293918,2.14050613243147,4.6073342399762e-5,-2.269455323891767,0.526964587870425,0.198495516958435,-2.26945532389176,1.88650770149254e-5
AT5G51451,0,0,1.057917686779156,NA,NA,0.35263922892638533,-0.791870651111899,0.246356639081893,1.09223779083267,0.043821720049814,-1.8841084419445688,-0.114586774397941,0.794445683783411,-1.88410844194457,0.00185776743006649
AT1G07607,0,0,1.041369776270825,NA,NA,0.34712325875694167,-0.483346958940779,0.526844715882524,1.3738714490683,0.0170422173523505,-1.857218408009079,0.375969277270889,0.389560749623903,-1.85721840800908,0.00286602177635825
AT5G04425,0,0,1.041369776270825,NA,NA,0.34712325875694167,0.90091596703386,0.530882521737951,2.88458288639202,0.0094400537319624,-1.9836669193581602,0.244669666006481,0.665966570667828,-1.98366691935816,0.0398872600911852
AT1G04007,0,0,1.0330958210166603,NA,NA,0.3443652736722201,-0.729224015853588,0.330105172120022,1.57074246557147,0.00333209317927272,-2.299966481425058,-0.0194804038273993,0.964524077265052,-2.29996648142506,1.50402009791106e-4
AT1G04827,0,0,1.0248218657624952,NA,NA,0.3416072885874984,1.306106193006,0.202634053192968,3.16005695165785,2.54201634736645e-4,-1.8539507586518498,0.639619043989826,0.1989925035963,-1.85395075865185,0.00379508612034569
AT4G15480,0,0,1.0248218657624952,NA,NA,0.3416072885874984,1.15495487066575,0.201620916819256,2.64720010837202,7.89753872157593e-4,-1.49224523770627,1.05133377931335,0.100271340778268,-1.49224523770628,0.0439977607876107
AT1G14455,1,0,0.016547910508330155,NA,NA,0.3388493035027767,-2.3256714541833,0.082034051802935,2.03313472583785,0.0161965202830635,-4.3588061800211495,-0.512350951911735,0.61656924089227,-4.35880618002115,3.98687995066866e-4
AT4G03725,0,0,1.0165479105083302,NA,NA,0.3388493035027767,-0.791289586343816,0.357904770698493,1.40999232355071,0.0275603942637584,-2.2012819098945258,-0.0250478885515361,0.969381481787821,-2.20128190989453,0.00255691365937729
AT5G06165,0,0,1.0165479105083302,NA,NA,0.3388493035027767,-0.374749793289585,0.82530549366672,2.72199063873886,0.0144177788932051,-3.096740432028445,0.842573758785067,0.368822483141223,-3.09674043202845,0.00996188050957777
AT1G04393,0,0,1.008273955254165,NA,NA,0.336091318418055,0.196601616348396,0.92283694304942,3.62094453059147,0.00817562536762187,-3.424342914243074,0.939116687401694,0.47547936604833,-3.42434291424307,0.0234823449917436
AT2G30560,0,0,1.008273955254165,NA,NA,0.336091318418055,0.225584103369471,0.870572127303286,2.18824717157856,0.0282840902541944,-1.9626630682090889,0.953922664756838,0.401096993856174,-1.96266306820909,0.0448251492227545
AT2G00890,0,0,1.008273955254165,NA,NA,0.336091318418055,0.105849472249866,0.902182863848863,2.86813273177433,2.6176508035605e-7,-2.762283259524464,-0.486796767999592,0.471621511027465,-2.76228325952447,1.08650327245306e-7
AT3G04275,1,0,0.008273955254165077,NA,NA,0.336091318418055,0.196603643753477,0.918082863010058,3.1658725310064,0.0108002356446434,-2.969268887252923,-0.0600075065640966,0.954818610071428,-2.96926888725292,0.0307810499376407
AT5G28440,0,0,1.008273955254165,NA,NA,0.336091318418055,0.14909145189487,0.874361567879762,1.6471108419349,0.0171550634910543,-1.49801939004003,-0.315779055581395,0.617255397437832,-1.49801939004003,0.03031646546323
AT1G03670,1,0,0,NA,NA,0.3333333333333333,2.69144294418962,0.0845989181382973,3.81427231356768,0.00762468544486266,-1.12282936937806,0.998551657270901,0.523807810027659,-1.12282936937806,0.456453232220806
AT1G08733,0,0,1,NA,NA,0.3333333333333333,2.16162041861932,0.122394947704474,4.22040853118288,4.95633682744154e-4,-2.0587881125635596,1.72658417316339,0.068581576757874907,-2.05878811256356,0.0459957854347269
AT1G09363,0,1,0,NA,NA,0.3333333333333333,-0.375735901249346,0.771110184361699,2.53893584608092,0.00281627668597176,-2.914671747330266,2.16818937047187,0.00572834521018361,-2.91467174733027,0.0013154975016768
AT2G40715,1,0,0,NA,NA,0.3333333333333333,0.531614310637104,0.575521253384377,2.80955310161661,1.09848378953689e-4,-2.277938790979506,0.796779769803601,0.308725604565466,-2.2779387909795,7.21599571585471e-4
AT3G01270,1,0,0,NA,NA,0.3333333333333333,0.731020001912088,0.728654007531985,3.40797841645314,0.0312086596018857,-2.676958414541052,1.58107034754803,0.308377672121012,-2.67695841454105,0.127027579218014
AT3G02585,1,0,0,NA,NA,0.3333333333333333,0.773678704673782,0.675902804375937,2.72527432222333,0.0496112174808077,-1.9515956175495481,1.67436578432041,0.107408601575165,-1.95159561754954,0.232187606502939
AT3G47200,0,0,1,NA,NA,0.3333333333333333,1.47259098437072,0.322719674486002,4.64457379283347,5.86136747044569e-5,-3.1719828084627504,1.49940091939743,0.200255121906235,-3.17198280846275,0.00182776415268083
AT3G07915,0,1,0,NA,NA,0.3333333333333333,1.48592735062687,0.307673667921497,2.53120651633914,0.0452313322602519,-1.04527916571227,1.45992215972482,0.135640719022236,-1.04527916571227,0.420570313100438
AT3G09955,1,0,0,NA,NA,0.3333333333333333,0.57739009158538,0.725811640321304,3.47267318440398,0.00300414958632215,-2.8952830928186,0.224696668590785,0.82369631242658,-2.8952830928186,0.00836659154306837
AT4G05405,1,0,0,NA,NA,0.3333333333333333,0.773677549481842,0.686550697909583,3.71621632378807,0.0062589576015336,-2.942538774306228,-0.0123828488078759,0.992900181649306,-2.94253877430623,0.0551700740093456
AT4G13390,1,0,0,NA,NA,0.3333333333333333,1.29830128408477,NA,3.40756472483363,0.024455350103745,-2.10926344074886,0.647574929639324,0.699153105247014,-2.10926344074886,NA
AT4G22640,1,0,0,NA,NA,0.3333333333333333,1.4999532655434,0.387810366428284,2.99799026382016,0.0440372504913865,-1.49803699827676,1.40717033005345,0.327107613511539,-1.49803699827676,0.344959014812877
AT4G24890,1,0,0,NA,NA,0.3333333333333333,0.196604546554699,0.92625343331663,3.2023436209191,0.0307838715188501,-3.005739074364401,1.41574915604393,0.326795458029168,-3.0057390743644,0.0700531608494822
AT4G36490,1,0,0,NA,NA,0.3333333333333333,0.196605038748466,0.925084338911248,2.90397377868185,0.0478115823262378,-2.7073687399333837,1.56784496241673,0.256234497363372,-2.70736873993339,0.101746937445055
AT5G14670,1,0,0,NA,NA,0.3333333333333333,2.90207036545483,0.0624005575515996,4.83804722996339,5.50187211846888e-4,-1.93597686450856,1.39387516495921,0.332290309573768,-1.93597686450856,0.149458123739694
AT5G00400,1,0,0,NA,NA,0.3333333333333333,-0.168848353679989,0.893491938272902,2.17357063523654,0.0175609187775483,-2.342418988916529,1.32051755044118,0.327020753662201,-2.34241898891653,0.0157969187978504
AT5G16235,1,0,0,NA,NA,0.3333333333333333,1.30192014672319,0.434449527515994,4.53731768099781,1.4084515914509e-4,-3.23539753427462,1.60638162221432,0.169527532722407,-3.23539753427462,0.00976850301385275
AT5G02535,0,1,0,NA,NA,0.3333333333333333,-0.380473832210849,0.837535046343077,2.67659522210546,0.0356442516567244,-3.057069054316309,1.09558489882103,0.183046739761491,-3.05706905431631,0.0279682009808491
AT5G03825,1,0,0,NA,NA,0.3333333333333333,2.32626183062934,0.0952285007392346,4.90849118656209,2.33127935010593e-5,-2.58222935593275,1.85976512251468,0.0276933891168789,-2.58222935593276,0.0098035825909023391
AT5G05975,1,0,0,NA,NA,0.3333333333333333,1.73636900478153,0.285345706657773,3.73062069202559,0.00485632290036484,-1.9942516872440603,0.68768417646852,0.558935979582485,-1.99425168724406,0.150096559571707
AT5G07895,0,0,1,NA,NA,0.3333333333333333,-0.380471542649186,0.831705855867132,2.48304518528029,0.034990114204693,-2.863516727929476,1.22435792660218,0.0860435347734307,-2.86351672792947,0.0257214913246038
AT5G08875,0,1,0,NA,NA,0.3333333333333333,0.196606066874346,0.920424139491885,2.83674949947953,0.0334023071850741,-2.640143432605184,0.77353802974421,0.578806145478987,-2.64014343260518,0.0774096668086449
AT5G66558,0,0,1,NA,NA,0.3333333333333333,-0.380474675039313,NA,3.31783834575804,0.0279071699238043,-3.698313020797353,0.803565658489983,0.601733756550024,-3.69831302079736,NA
AT5G04055,0.9666072359626932,0,0.008273955254165077,NA,NA,0.3249603970722861,1.47581521586085,0.310541683335231,2.96546649652768,0.0146797546117512,-1.48965128066683,0.688353511861142,0.452204578304165,-1.48965128066683,0.205986142574052
AT1G02430,0.9666072359626932,0,0,NA,NA,0.3222024119875644,2.84669693602645,0.00170339978383406,3.90964224152571,5.05765671340618e-6,-1.0629453054992601,2.20917819752082,0.001871235168337,-1.06294530549926,0.0499501127034129
AT1G58889,0.9666072359626932,0,0,NA,NA,0.3222024119875644,1.98400109265457,0.136752284690778,3.05301193641718,0.0103004926311609,-1.06901084376261,1.07967707572299,0.193755595211076,-1.06901084376261,0.32523824089649
AT3G02015,0.9666072359626932,0,0,NA,NA,0.3222024119875644,0.753025444511761,0.651686541965895,3.26786558517503,0.0054092600903092,-2.514840140663269,-0.504512527554655,0.527053058301822,-2.51484014066327,0.0420140455278497
ArthCp031,0.9666072359626932,0,0,NA,NA,0.3222024119875644,-1.12482871398987,0.402630947943509,2.20040858988512,0.00980912428355475,-3.3252373038749896,0.461622879650002,0.478551949845081,-3.32523730387498,0.00238510620773262
AT2G17850,0.9332144719253863,0,0,NA,NA,0.31107149064179546,1.72944593542007,0.256896137853388,2.74196588135824,0.0384394228131473,-1.0125199459381702,1.09872951484207,0.236972682903576,-1.01251994593817,0.498674055435069
AT2G00820,0.9332144719253863,0,0,NA,NA,0.31107149064179546,1.77251282849006,0.179613438987403,3.51578585455681,0.00213391619398502,-1.74327302606675,0.666717410472804,0.296479675591603,-1.74327302606675,0.0505722069027073
AT1G45240,0,0.8553140579846983,0,NA,NA,0.2851046859948994,0.738695085056661,0.657868457901885,3.26612504070735,0.00524830599250001,-2.527429955650689,-0.894737024018616,0.315662948353592,-2.52742995565069,0.0405933430299611
AT3G01745,0,0.8553140579846983,0,NA,NA,0.2851046859948994,0.77367952831935,NA,2.92584362809318,0.0447853251446461,-2.15216409977383,0.348118367713503,0.816470609639358,-2.15216409977383,NA
AT3G09145,0,0.8553140579846983,0,NA,NA,0.2851046859948994,1.57736255490501,0.233204409670283,2.62166046766073,0.0256830872913337,-1.04429791275572,0.456127543102721,0.541467375180516,-1.04429791275572,0.3025878326548
AT5G46360,0,0.8553140579846983,0,NA,NA,0.2851046859948994,1.13556417527359,0.503292364734743,2.91976966986413,0.0322025336311353,-1.78420549459054,-0.468010115316567,0.713350229434345,-1.78420549459054,0.21586553399369
AT5G58080,0,0.8553140579846983,0,NA,NA,0.2851046859948994,1.05736916351149,0.416767830996478,4.09138381239473,6.30286401022411e-5,-3.0340146488832396,0.69254935367403,0.491235755595588,-3.03401464888324,1.30093666653902e-4
AT1G06083,0,0.8425124638775863,0,NA,NA,0.28083748795919544,0.937318759954579,0.218923163530611,2.51792264923986,7.37641327918864e-5,-1.580603889285281,-0.0504295990554058,0.904841604886427,-1.58060388928529,0.00253046134265853
AT4G07365,0.7662506517388525,0,0.049643731524990464,NA,NA,0.271964794421281,0.318320501903339,0.719708288033461,2.66355923666945,2.00572189758262e-5,-2.3452387347661112,-0.0948979953209151,0.823226759166826,-2.34523873476611,2.95104518274216e-5
AT2G42330,0.7889458890609262,0,0,NA,NA,0.26298196302030874,0.0197481391409287,0.953144988284998,1.29633799168618,4.7206828172008e-7,-1.2765898525452513,0.226714389122289,0.334709618586122,-1.27658985254525,2.184606602161e-6
AT5G49070,0.7662506517388525,0,0,NA,NA,0.25541688391295087,-0.128010201709373,0.891737590816967,1.64148787909971,0.0134800322932421,-1.769498080809083,0.642625789079641,0.202007590410914,-1.76949808080908,0.00991243843114144
AT5G17260,0,0.6978265218622841,0.049643731524990464,NA,NA,0.24915675112909152,0.126214495681594,0.879266265532726,1.33220980901481,0.0331660934330305,-1.205995313333216,-0.285789386334631,0.544196627975579,-1.20599531333322,0.0590652950395788
AT1G05277,0.7328578877015453,0,0,NA,NA,0.24428596256718174,-1.3854266028078699,0.0506605124415094,1.69268230441649,3.14045065321854e-4,-3.07810890722436,0.326164067573504,0.333587437391546,-3.07810890722436,5.73590557780321e-7
AT3G47790,0,0.7106281159693966,0,NA,NA,0.23687603865646553,2.39108815356841,0.055846710724614,4.29326936987899,1.30768597987066e-4,-1.9021812163105802,0.450312683713644,0.518181416095042,-1.90218121631058,0.015283051939684201
AT5G02225,0,0.7106281159693966,0,NA,NA,0.23687603865646553,2.0802446510711,0.144546947949717,3.93021300581781,9.80229725920077e-4,-1.8499683547467098,-0.0652225616943372,0.944103793017167,-1.84996835474672,0.10130431642128
AT4G16162,0.6660723596269307,0,0,NA,NA,0.22202411987564355,1.47007964479472,0.0434477664832474,2.56481152575502,9.58591401495518e-5,-1.0947318809603002,0.754467325923112,0.0499808022878347,-1.0947318809603,0.0421237960967555
AT4G17483,0.6660723596269307,0,0,NA,NA,0.22202411987564355,0.65779625260226,0.252387005736784,1.66241484894434,7.01959040037781e-4,-1.00461859634208,0.493308182181057,0.151024559440496,-1.00461859634208,0.0278259472966895
AT4G24910,0.4991085394403978,0,0.10756141830414556,NA,NA,0.20222331924818113,-0.0200580908997791,0.968996057888918,1.54791396169402,1.10143407485436e-5,-1.5679720525937992,-0.0577287753437151,0.849972119622347,-1.5679720525938,6.30984599787453e-6
AT1G08835,0,0.5659421739540949,0,NA,NA,0.18864739131803163,0.575428457473847,0.715555307262548,2.88541864422216,0.0114576740829261,-2.3099901867483132,-0.405937500604104,0.543103594184345,-2.30999018674832,0.0312408084095517
AT5G06820,0.432323011365785,0,0,NA,NA,0.14410767045526165,1.04908291632899,0.0105038109213678,2.13414327871609,7.38822635862989e-9,-1.0850603623871,0.73862092742246,0.00518886673088355,-1.08506036238709,9.23610050961404e-4
AT1G04273,0,0.42125623193879314,0,NA,NA,0.14041874397959772,0.205722906954958,0.873706018038452,2.72956567865229,0.001717890947743,-2.523842771697332,0.520641492096822,0.311356915674829,-2.52384277169734,0.00166889134547424
AT1G06717,0,0.42125623193879314,0,NA,NA,0.14041874397959772,-0.182679215684399,0.863434347488849,2.23032508084742,0.0015415918038124,-2.413004296531819,0.498261655389276,0.271553453610585,-2.41300429653182,7.78899406160657e-4
AT1G46552,0,0.42125623193879314,0,NA,NA,0.14041874397959772,0.13822284002289,0.870164997701976,1.6009712587542,0.00944086424517469,-1.46274841873131,0.250473659959472,0.589202808856311,-1.46274841873131,0.0172463900732519
AT4G24110,0.39893024732847593,0,0,NA,NA,0.13297674910949198,1.67993762163573,0.00999052192642535,4.03890665809389,2.24814502669003e-11,-2.35896903645816,1.4732423438599,0.00491131397240227,-2.35896903645815,1.48833558730316e-4
AT1G53470,0,0,0.297862389149941,NA,NA,0.09928746304998033,1.47135475543964,0.00309484328500661,4.76562070164861,1.12189316416754e-25,-3.2942659462089696,1.04518569716053,0.00873350878696935,-3.29426594620897,7.85469093280463e-14
AT3G04620,0,0,0.1820270155916326,NA,NA,0.06067567186387753,0.0473731050305687,0.893837698291236,1.06019398950898,7.73901414076425e-5,-1.0128208844784112,0.13909972351373,0.613917073839843,-1.01282088447841,2.48808527217458e-4
AT1G79915,0,0,0.049643731524990464,NA,NA,0.016547910508330155,-0.0452004072044469,0.960501267153836,1.59047706138698,0.0149946847521677,-1.635677468591427,0.458512770504399,0.393712933252774,-1.63567746859143,0.0150608518341706
AT2G44570,0,0,0.04136977627082494,NA,NA,0.013789925423608315,0.112655952967777,0.91792993569964,1.83895627372486,0.018533284782621,-1.7263003207570828,0.49080499406377,0.349957917046394,-1.72630032075709,0.0277571530791351
AT4G26220,0,0,0.04136977627082494,NA,NA,0.013789925423608315,2.64718412051691,7.83568218371575e-6,5.03389557781242,1.81730520329008e-19,-2.3867114572955104,2.12357860918629,2.30277527268382e-6,-2.3867114572955,3.1283554320616e-7
AT1G25209,0,0,0.024821865762495232,NA,NA,0.008273955254165077,0.849139043639633,0.510758932320825,2.56186195620197,0.0131107571508671,-1.712722912562337,-0.46084969564954,0.460099874009755,-1.71272291256234,0.0471693448372775
AT1G04423,0,0,0.016547910508330155,NA,NA,0.005515970169443385,0.196603431380345,0.918130889934869,2.95360652175613,0.0192377857835035,-2.757003090375785,-0.187612199743403,0.852466769928974,-2.75700309037578,0.0501754060604617
AT1G54095,0,0,0.016547910508330155,NA,NA,0.005515970169443385,1.95746396036107,0.0919445220902272,3.35767340567192,0.00132854863050863,-1.4002094453108502,1.40395597471151,0.0733500475566268,-1.40020944531086,0.0713327087336441
AT4G28280,0,0,0.016547910508330155,NA,NA,0.005515970169443385,-0.380472440457629,0.836271133910626,2.99930748690238,0.0123977757653753,-3.3797799273600093,1.42424547104547,0.0708292703432652,-3.37977992736,0.00918288710623341
AT5G03235,0,0,0.016547910508330155,NA,NA,0.005515970169443385,-0.380472240071176,0.835851686389747,2.94026307711698,0.0164815355128745,-3.320735317188156,1.35793128776763,0.171791296187414,-3.32073531718816,0.0125027629485829
AT5G06825,0,0,0.016547910508330155,NA,NA,0.005515970169443385,-0.0584206640491834,0.967359432042901,2.63625133220404,0.00434611362353655,-2.6946719962532235,0.23763075978208,0.725541552074065,-2.69467199625323,0.00346384176906508
AT1G05317,0,0,0.008273955254165077,NA,NA,0.0027579850847216925,1.3331715449473,NA,3.12560237107697,0.0295078600657146,-1.7924308261296698,1.82173491292114,0.173893671888854,-1.79243082612967,NA
AT1G63580,0,0,0.008273955254165077,NA,NA,0.0027579850847216925,0.269016117909791,0.764823442288558,2.64014652077137,1.34693257726078e-4,-2.371130402861579,0.998631558607435,0.180646783294865,-2.37113040286158,8.82707779947036e-4
AT2G08635,0,0,0.008273955254165077,NA,NA,0.0027579850847216925,1.96250509575703,0.127846204513009,3.27246170877571,0.00364726434864107,-1.30995661301868,1.22043027320719,0.0909159764880917,-1.30995661301868,0.170397549164106
AT2G41230,0,0,0.008273955254165077,NA,NA,0.0027579850847216925,1.09499960546916,0.579314055227289,3.38578577221662,0.0317141634975572,-2.29078616674746,2.76194414463563,0.0384458422061276,-2.29078616674746,0.179423532762346
AT2G44195,0,0,0.008273955254165077,NA,NA,0.0027579850847216925,0.740920725517567,0.670635944145582,2.57348932316725,0.0492241181159689,-1.8325685976496833,0.495360449495345,0.682924309659088,-1.83256859764968,0.207236434095394
AT3G48235,0,0,0.008273955254165077,NA,NA,0.0027579850847216925,1.1622888686900399,0.474809204320047,3.96869899815795,0.001304784464086,-2.80641012946791,2.28780904657818,0.0179362108599169,-2.80641012946791,0.0195845076222629
AT4G32860,0,0,0.008273955254165077,NA,NA,0.0027579850847216925,2.31127880873514,0.0411918825716712,4.89887598491619,1.23972099742265e-6,-2.58759717618105,2.29753534008477,0.0163631566171726,-2.58759717618104,9.33173768497645e-5
AT5G59940,0,0,0.008273955254165077,NA,NA,0.0027579850847216925,0.376161696692126,0.677720007309284,1.61498032950771,0.0264634138828316,-1.2388186328155841,-0.193772474683923,0.805906376026596,-1.23881863281559,0.0950073132410206
